"model","origin_date","origin_idx","lambda","alpha","psi","soc","sur","log_ml"
"small","2001-01-31",193,0.34340244087144,2,NA,0.695416878966228,0.777557405024321,1550.12381031894
"small","2001-02-28",194,0.363651112456803,2,NA,0.588660301526272,0.745298200252915,1559.25458848978
"small","2001-03-31",195,0.370943728766888,2,NA,0.632942559066793,0.779653030256029,1568.35793067686
"small","2001-04-30",196,0.376818290388126,2,NA,0.593150622290772,0.723726578108407,1579.48289157848
"small","2001-05-31",197,0.396803805613196,2,NA,0.563045070997069,0.839769901595264,1581.88777985352
"small","2001-06-30",198,0.394402121995334,2,NA,0.557151696567962,0.770540313427494,1593.49834210359
"small","2001-07-31",199,0.397728167050543,2,NA,0.553756678717578,0.770517952367924,1602.94008445619
"small","2001-08-31",200,0.383796223182209,2,NA,0.562516261599037,0.691467041518835,1611.09019080113
"small","2001-09-30",201,0.406421475989773,2,NA,0.536008725111676,0.803184720387638,1620.41949194264
"small","2001-10-31",202,0.392201390969375,2,NA,0.567603202719217,0.793729668621976,1626.62307023087
"small","2001-11-30",203,0.404966564653135,2,NA,0.553634576653884,0.734499224875227,1636.59993166536
"small","2001-12-31",204,0.395523197711682,2,NA,0.581049837684234,0.759627704497042,1644.21746682421
"small","2002-01-31",205,0.403586559403072,2,NA,0.579816603814393,0.733740990943133,1652.85279653198
"small","2002-02-28",206,0.386013404257448,2,NA,0.597412923169023,0.779229521508935,1660.79052916262
"small","2002-03-31",207,0.377508432636496,2,NA,0.569291988907772,0.780099421329326,1673.81474417598
"small","2002-04-30",208,0.391777342928136,2,NA,0.595081231938842,0.774804650302082,1678.49086058081
"small","2002-05-31",209,0.393592237816078,2,NA,0.594616028038298,0.758126542897576,1692.84189788094
"small","2002-06-30",210,0.393110763621349,2,NA,0.627969074873987,0.723628857390573,1705.00807249426
"small","2002-07-31",211,0.392870946838021,2,NA,0.602906424915467,0.738566312203171,1714.47160759262
"small","2002-08-31",212,0.397348237700993,2,NA,0.620867177239193,0.774101081532149,1724.04508147451
"small","2002-09-30",213,0.394546550405849,2,NA,0.572388162009443,0.772269267621988,1734.80544594106
"small","2002-10-31",214,0.385971532342964,2,NA,0.58399511048106,0.72181882747605,1746.64370244113
"small","2002-11-30",215,0.410458063559892,2,NA,0.546361710804067,0.75766252003298,1754.38842963849
"small","2002-12-31",216,0.403234037478694,2,NA,0.538157250968493,0.756640797424164,1762.83452615814
"small","2003-01-31",217,0.404837045111057,2,NA,0.548814258336801,0.748478918631954,1771.99069227428
"small","2003-02-28",218,0.413404307839595,2,NA,0.54396940234237,0.803832683276678,1777.96028608181
"small","2003-03-31",219,0.4036294880374,2,NA,0.523723425956433,0.752947440973781,1791.27683163897
"small","2003-04-30",220,0.393625930644475,2,NA,0.502090504909233,0.766553688863347,1796.76021348682
"small","2003-05-31",221,0.402143276513491,2,NA,0.511663547375317,0.79936046004216,1806.80562973877
"small","2003-06-30",222,0.400645936226228,2,NA,0.505458242194099,0.771700089559939,1815.40062568837
"small","2003-07-31",223,0.400902127767832,2,NA,0.519277745710327,0.826603783422131,1824.85075137026
"small","2003-08-31",224,0.392638741390938,2,NA,0.550170592771973,0.77693652382719,1835.88129387697
"small","2003-09-30",225,0.396056629895827,2,NA,0.499759155816349,0.759591345799741,1845.96558923577
"small","2003-10-31",226,0.400555544592841,2,NA,0.510891891826484,0.809590992241315,1855.79723062303
"small","2003-11-30",227,0.393847245346761,2,NA,0.540866968201399,0.698868137473835,1866.08512646277
"small","2003-12-31",228,0.386847583399573,2,NA,0.513378425601319,0.718497379528075,1877.01965487129
"small","2004-01-31",229,0.401242472867717,2,NA,0.516669988374351,0.774181267887457,1886.99618445989
"small","2004-02-29",230,0.393663065637904,2,NA,0.490336656351976,0.712402149823083,1896.8896753066
"small","2004-03-31",231,0.388718725219358,2,NA,0.494606411861695,0.72691886209786,1906.88246877944
"small","2004-04-30",232,0.399328451913142,2,NA,0.498262916932444,0.748109454832054,1916.52587242776
"small","2004-05-31",233,0.393002352352045,2,NA,0.508062645490899,0.830409514279463,1925.84667473596
"small","2004-06-30",234,0.404776472817118,2,NA,0.481556441885866,0.744891576452733,1935.8157244097
"small","2004-07-31",235,0.418884732058781,2,NA,0.482190485042302,0.775317741356103,1945.81149658887
"small","2004-08-31",236,0.39220714006608,2,NA,0.492474268713609,0.760938866656903,1953.22484597069
"small","2004-09-30",237,0.389166205586708,2,NA,0.50058158901489,0.751586032696226,1965.58325289913
"small","2004-10-31",238,0.392995833763952,2,NA,0.51500264178371,0.795410033499795,1971.27960004395
"small","2004-11-30",239,0.399772620775602,2,NA,0.45411932381893,0.725969600021728,1985.35470309843
"small","2004-12-31",240,0.39290859001009,2,NA,0.508565673102706,0.743036115018156,1992.6021362622
"small","2005-01-31",241,0.39190622775853,2,NA,0.491126847651684,0.729206700723872,2002.34731179921
"small","2005-02-28",242,0.414823884268704,2,NA,0.505199184923621,0.754182443713157,2014.0786181868
"small","2005-03-31",243,0.41480577826933,2,NA,0.477233462211949,0.765435387000735,2023.14150134651
"small","2005-04-30",244,0.402427168497106,2,NA,0.511580772250447,0.718568302158807,2034.61506065353
"small","2005-05-31",245,0.400852818810071,2,NA,0.48610595765966,0.738088685952127,2044.92745188234
"small","2005-06-30",246,0.404349025617662,2,NA,0.490632134386137,0.783731795520622,2053.70566296417
"small","2005-07-31",247,0.417041055848065,2,NA,0.521572612317272,0.786352200434643,2064.36292000139
"small","2005-08-31",248,0.394581234486374,2,NA,0.52141297878743,0.772557256215811,2072.60178503065
"small","2005-09-30",249,0.397810772865657,2,NA,0.468601647020668,0.751033247626805,2066.73742959441
"small","2005-10-31",250,0.408577926045796,2,NA,0.465422715899429,0.766228147079064,2073.03079130477
"small","2005-11-30",251,0.395937100552188,2,NA,0.511528371153364,0.795614142527429,2078.15245357562
"small","2005-12-31",252,0.399219090413743,2,NA,0.478095891813318,0.740754275948406,2090.47868850077
"small","2006-01-31",253,0.391049895705475,2,NA,0.467523784859117,0.7227205472828,2096.57748920463
"small","2006-02-28",254,0.390652655040697,2,NA,0.532100380653142,0.83129068648536,2108.51437092818
"small","2006-03-31",255,0.416921647418311,2,NA,0.513639713676229,0.818885054497043,2119.58804468524
"small","2006-04-30",256,0.397712104049033,2,NA,0.498955491044487,0.791902643509812,2130.80758847263
"small","2006-05-31",257,0.395925828748486,2,NA,0.500519499405164,0.813466186931892,2138.03709860826
"small","2006-06-30",258,0.412763823490523,2,NA,0.506750146573939,0.779020822587722,2150.52128509863
"small","2006-07-31",259,0.380858246817355,2,NA,0.498038446046465,0.702410550048483,2158.31847361664
"small","2006-08-31",260,0.401674237450251,2,NA,0.523138418421336,0.804446905268628,2172.05457758659
"small","2006-09-30",261,0.419063339171109,2,NA,0.510621813509587,0.711146456410074,2177.51315789536
"small","2006-10-31",262,0.399395682067004,2,NA,0.506782079510021,0.713571310121777,2183.05167710421
"small","2006-11-30",263,0.418755115906572,2,NA,0.526679886856628,0.688335853671556,2194.42044602402
"small","2006-12-31",264,0.408093305867766,2,NA,0.541491955395887,0.752431772010486,2204.68453189661
"small","2007-01-31",265,0.399003079467577,2,NA,0.500512240809802,0.76512583963113,2210.21811322769
"small","2007-02-28",266,0.415999265926247,2,NA,0.529618137762644,0.753398412868808,2223.12861026298
"small","2007-03-31",267,0.406875072357109,2,NA,0.510742699132937,0.741715797363237,2233.96059399102
"small","2007-04-30",268,0.400287513658216,2,NA,0.527690330204359,0.780002455093205,2243.22565285361
"small","2007-05-31",269,0.413137307724528,2,NA,0.559484138009509,0.815091027234877,2256.22308094944
"small","2007-06-30",270,0.412447345922411,2,NA,0.537734859326283,0.786287965897542,2264.82900467534
"small","2007-07-31",271,0.397853306652425,2,NA,0.514764369145404,0.780544910151378,2274.87702123022
"small","2007-08-31",272,0.411162758632586,2,NA,0.531130171667186,0.764156851925042,2282.9315809983
"small","2007-09-30",273,0.402776757296273,2,NA,0.545225489704542,0.775161635725311,2294.98504994232
"small","2007-10-31",274,0.403201197439175,2,NA,0.531521397022139,0.776860320055254,2307.2373908649
"small","2007-11-30",275,0.418397748024423,2,NA,0.489608803047044,0.714712577658617,2315.5230488797
"small","2007-12-31",276,0.408553721356525,2,NA,0.573879656124873,0.772988129691993,2321.09833584075
"small","2008-01-31",277,0.422791322719553,2,NA,0.535462166259791,0.756252160711938,2333.0547196786
"small","2008-02-29",278,0.419099137553312,2,NA,0.56471476514919,0.775998495937222,2333.67246092974
"small","2008-03-31",279,0.411361835642319,2,NA,0.511828763896431,0.772321132821279,2342.92070341696
"small","2008-04-30",280,0.422987297348822,2,NA,0.540943426592596,0.762054762762982,2350.90987586106
"small","2008-05-31",281,0.422988966620426,2,NA,0.535037190927725,0.712074023332405,2357.49094830441
"small","2008-06-30",282,0.428446388125607,2,NA,0.532204862683205,0.712684021461718,2362.83304181726
"small","2008-07-31",283,0.411000060663988,2,NA,0.518777679757615,0.729527916834873,2369.14541731435
"small","2008-08-31",284,0.431994311225797,2,NA,0.572081764540658,0.733145557434066,2375.12579307584
"small","2008-09-30",285,0.448163250404493,2,NA,0.566528765252067,0.715184187763394,2353.79967735594
"small","2008-10-31",286,0.486060903368353,2,NA,0.587946486255049,0.711846137983838,2345.40651225023
"small","2008-11-30",287,0.546933102198833,2,NA,0.594741282352519,0.698165545000167,2335.02132422339
"small","2008-12-31",288,0.607076534776094,2,NA,0.554423307412366,0.649394543280855,2338.07837604218
"small","2009-01-31",289,0.560240736162605,2,NA,0.531160779454632,0.625380912284969,2339.44184923949
"small","2009-02-28",290,0.585144216421098,2,NA,0.482752079616928,0.593491966291439,2342.42441099716
"small","2009-03-31",291,0.631717703038479,2,NA,0.463946031904329,0.607545778710262,2350.79584669696
"small","2009-04-30",292,0.597429617848827,2,NA,0.50700415917207,0.646606232727397,2358.52891985542
"small","2009-05-31",293,0.589067258865746,2,NA,0.480889218327342,0.618855073156269,2369.23561728091
"small","2009-06-30",294,0.563591849285742,2,NA,0.483653228122666,0.610634959875966,2374.05237422669
"small","2009-07-31",295,0.580815770483031,2,NA,0.510219495550961,0.649334240439698,2378.74177198235
"small","2009-08-31",296,0.565466768054321,2,NA,0.522277220771373,0.64768857627273,2387.04971453706
"small","2009-09-30",297,0.552065954333609,2,NA,0.495164254699523,0.697486177773563,2394.5281226864
"small","2009-10-31",298,0.526011337131247,2,NA,0.523457655476675,0.672081332163319,2402.64571568835
"small","2009-11-30",299,0.556298230358557,2,NA,0.520660745661625,0.643463823379628,2416.15280430925
"small","2009-12-31",300,0.574118709861451,2,NA,0.532956519759647,0.633771781411632,2425.05574487721
"small","2010-01-31",301,0.557354539713233,2,NA,0.513266292281036,0.692915281149585,2434.88608195975
"small","2010-02-28",302,0.571852168967913,2,NA,0.525330829007998,0.659728148385101,2442.92517545055
"small","2010-03-31",303,0.562720714754468,2,NA,0.510544264543093,0.684774119314934,2454.67434976459
"small","2010-04-30",304,0.568680028540045,2,NA,0.475699140931568,0.695486328957485,2463.51466571751
"small","2010-05-31",305,0.5359148864659,2,NA,0.505991090271524,0.646918180644612,2474.68108942969
"small","2010-06-30",306,0.586377313652662,2,NA,0.541916775974505,0.609302647262486,2482.86473418808
"small","2010-07-31",307,0.566208883218251,2,NA,0.544752814575345,0.695509252069522,2494.23103288304
"small","2010-08-31",308,0.572538958219257,2,NA,0.511619758020403,0.666543355712229,2500.8045938015
"small","2010-09-30",309,0.572693943543756,2,NA,0.481689604995141,0.643147315436575,2512.91551057162
"small","2010-10-31",310,0.549751815035464,2,NA,0.510653081376625,0.723808079777529,2521.16802249718
"small","2010-11-30",311,0.539852249347178,2,NA,0.448973794411373,0.649752896214612,2528.23137630895
"small","2010-12-31",312,0.584053543340196,2,NA,0.451655529920537,0.616662602851778,2533.11718791988
"small","2011-01-31",313,0.571645868245899,2,NA,0.48020268747353,0.64937397429771,2542.46696406115
"small","2011-02-28",314,0.554018238384784,2,NA,0.443246661648153,0.66201664442563,2550.03321506775
"small","2011-03-31",315,0.614772006739592,2,NA,0.456919009757754,0.669916746435557,2558.29668930783
"small","2011-04-30",316,0.549381672563705,2,NA,0.475892887574339,0.808982780412331,2566.81734596727
"small","2011-05-31",317,0.555525726995749,2,NA,0.433786570483252,0.634414062280681,2579.72368143851
"small","2011-06-30",318,0.581766736801007,2,NA,0.443964784537279,0.691038414729096,2590.84982154004
"small","2011-07-31",319,0.592781246941653,2,NA,0.431786034611939,0.62528473285557,2600.72897470962
"small","2011-08-31",320,0.566473858769561,2,NA,0.386806351499655,0.620083692259573,2611.74281653014
"small","2011-09-30",321,0.54951025205141,2,NA,0.386419610025123,0.647557220354802,2619.80432953625
"small","2011-10-31",322,0.582682679124385,2,NA,0.436074920556877,0.671209339459687,2631.35767837962
"small","2011-11-30",323,0.56822682268563,2,NA,0.44487748577604,0.683252235284418,2641.10617990239
"small","2011-12-31",324,0.550892997200776,2,NA,0.439628807667305,0.678124494816628,2651.33622159358
"small","2012-01-31",325,0.57641893429158,2,NA,0.413359759984098,0.636866885197701,2661.17535071334
"small","2012-02-29",326,0.583325649764114,2,NA,0.45866528912598,0.703637865580522,2670.20784060962
"small","2012-03-31",327,0.554866838318185,2,NA,0.450173029382826,0.673632884208777,2681.42333438895
"small","2012-04-30",328,0.556890959529036,2,NA,0.442862566622316,0.615113461389565,2689.27834166893
"small","2012-05-31",329,0.575586426763402,2,NA,0.424235148244647,0.663476831222456,2701.84895049681
"small","2012-06-30",330,0.58412279892913,2,NA,0.437506309760531,0.636412443938962,2711.34065563124
"small","2012-07-31",331,0.573468615163911,2,NA,0.459436615541168,0.603777058530452,2720.8572012934
"small","2012-08-31",332,0.604753888047261,2,NA,0.441725266265331,0.685331149636864,2732.0560848704
"small","2012-09-30",333,0.598899018583385,2,NA,0.462158182470346,0.655452309632002,2738.62609410296
"small","2012-10-31",334,0.569359018089635,2,NA,0.423502591861657,0.663006585151598,2750.34478093535
"small","2012-11-30",335,0.556328356835607,2,NA,0.448758392232415,0.664518357644837,2758.65440199667
"small","2012-12-31",336,0.597617728724183,2,NA,0.458455387689734,0.64768723522756,2767.56551035972
"small","2013-01-31",337,0.582882254936595,2,NA,0.456349003272925,0.676353343150607,2776.0375653141
"small","2013-02-28",338,0.582097186083137,2,NA,0.45575446711787,0.665112462539068,2785.51019021056
"small","2013-03-31",339,0.585277076893098,2,NA,0.459518261174306,0.671939021162918,2793.09612590651
"small","2013-04-30",340,0.570680999119534,2,NA,0.464584675781635,0.698578137703167,2801.78378524072
"small","2013-05-31",341,0.570961205588193,2,NA,0.433865602099292,0.664860560626982,2814.11444784958
"small","2013-06-30",342,0.584846615062902,2,NA,0.455378600668845,0.703885994886767,2827.15839174542
"small","2013-07-31",343,0.57546321764823,2,NA,0.454200665535311,0.686158603515006,2836.13130431343
"small","2013-08-31",344,0.577928478173984,2,NA,0.571702919440229,0.738897249700701,2844.27118472829
"small","2013-09-30",345,0.582967253658573,2,NA,0.462034148192224,0.670409508723977,2857.47316380001
"small","2013-10-31",346,0.577679628761141,2,NA,0.494490077536435,0.680419884205481,2869.07680743773
"small","2013-11-30",347,0.589655189341642,2,NA,0.497299330811436,0.700596334861416,2877.36393416668
"small","2013-12-31",348,0.569287159544911,2,NA,0.483143305163883,0.670258323870383,2885.43841257144
"small","2014-01-31",349,0.569172475470778,2,NA,0.515435857176732,0.711179858603095,2896.99344776164
"small","2014-02-28",350,0.595018418924101,2,NA,0.466492024051077,0.713807363628325,2906.28412012747
"small","2014-03-31",351,0.602806670334851,2,NA,0.48708318387019,0.771627912087632,2916.39468508206
"small","2014-04-30",352,0.579025456287023,2,NA,0.468851518883881,0.71989797369143,2923.4379685991
"small","2014-05-31",353,0.601895452687342,2,NA,0.481935157094412,0.663446908017924,2932.45854601729
"small","2014-06-30",354,0.614173460098138,2,NA,0.474818795043371,0.641922576494795,2943.8426753456
"small","2014-07-31",355,0.591480773439932,2,NA,0.462505773996644,0.691841662475332,2951.93154101536
"small","2014-08-31",356,0.619425926820538,2,NA,0.503337230593937,0.667040247962417,2964.4655859822
"small","2014-09-30",357,0.638256044210412,2,NA,0.458331211684469,0.692398925245522,2973.5347842165
"small","2014-10-31",358,0.616203697310312,2,NA,0.485030720348686,0.670986720227071,2980.035539844
"small","2014-11-30",359,0.602357232525877,2,NA,0.525149585053135,0.685888145677582,2993.25984309299
"small","2014-12-31",360,0.581547293224812,2,NA,0.472918608264977,0.672929403918701,3002.52365439995
"small","2015-01-31",361,0.616629967737098,2,NA,0.538351395356592,0.770057949459644,3009.43346460788
"small","2015-02-28",362,0.612082735286462,2,NA,0.502401188917225,0.711198304875304,3017.1633708915
"small","2015-03-31",363,0.592726185933105,2,NA,0.50471227230381,0.699959004242241,3027.12310198616
"small","2015-04-30",364,0.624503627850765,2,NA,0.508826076858705,0.67534367120113,3038.30473385343
"small","2015-05-31",365,0.630064362871313,2,NA,0.515926371976226,0.66948019871087,3045.51643337381
"small","2015-06-30",366,0.619057751431269,2,NA,0.491735330797592,0.732653543683213,3053.76582973746
"small","2015-07-31",367,0.607531652223734,2,NA,0.511861400423501,0.71232320649917,3066.69923344811
"small","2015-08-31",368,0.606905285842031,2,NA,0.472377562291322,0.69187212449723,3075.16876420204
"small","2015-09-30",369,0.602715620588412,2,NA,0.49642202891769,0.772326951951363,3082.82567921159
"small","2015-10-31",370,0.602405596416238,2,NA,0.501084914271464,0.70693512365445,3097.96196901804
"small","2015-11-30",371,0.63667009420749,2,NA,0.538102659967938,0.729071884035601,3104.4365677072
"small","2015-12-31",372,0.641332579259311,2,NA,0.522443440314123,0.714144408738467,3115.90918599418
"small","2016-01-31",373,0.635555243480414,2,NA,0.497888936982273,0.71713689087629,3124.80046391611
"small","2016-02-29",374,0.602058964333524,2,NA,0.515340259016992,0.665474142536975,3136.1170006518
"small","2016-03-31",375,0.611480886323866,2,NA,0.558448081379239,0.737290692760095,3143.97065215535
"small","2016-04-30",376,0.611168283736855,2,NA,0.558424414265048,0.75052985978919,3154.1100919779
"small","2016-05-31",377,0.608589056864717,2,NA,0.505930464453457,0.695249408344599,3164.36334748398
"small","2016-06-30",378,0.624397933292401,2,NA,0.503460155437525,0.704056107731221,3174.49346338247
"small","2016-07-31",379,0.636696279898503,2,NA,0.505616310875457,0.731173238195879,3181.87438387113
"small","2016-08-31",380,0.631812144267062,2,NA,0.523620602985536,0.703972706024947,3194.93655029923
"small","2016-09-30",381,0.615344001309446,2,NA,0.529733408555835,0.731374203292554,3205.55778165235
"small","2016-10-31",382,0.626067943351047,2,NA,0.521867840269759,0.72948768763479,3215.51997857615
"small","2016-11-30",383,0.651832128931559,2,NA,0.49865177212883,0.726226432436085,3226.24923321488
"small","2016-12-31",384,0.633103371966673,2,NA,0.469991068601575,0.679049570170371,3233.90389181764
"small","2017-01-31",385,0.629886827324423,2,NA,0.513636610032549,0.665396780325235,3244.89781959709
"small","2017-02-28",386,0.637706348409256,2,NA,0.471879096063003,0.694799113084513,3256.12882844167
"small","2017-03-31",387,0.608647613933345,2,NA,0.491713584783706,0.756907372743971,3266.99567979835
"small","2017-04-30",388,0.617580380030449,2,NA,0.487903920480313,0.733263607471139,3271.7874914115
"small","2017-05-31",389,0.623086183399095,2,NA,0.479644219871939,0.648112751958773,3286.41384940672
"small","2017-06-30",390,0.633154537264386,2,NA,0.554660201359465,0.744480887209741,3297.09709811893
"small","2017-07-31",391,0.651040963511379,2,NA,0.515855584239234,0.654355946361614,3306.12967972863
"small","2017-08-31",392,0.647701211281198,2,NA,0.480725624447531,0.702095686723906,3318.55758213301
"small","2017-09-30",393,0.596747483118823,2,NA,0.482898565042551,0.714748867043629,3326.99597733567
"small","2017-10-31",394,0.621446774895567,2,NA,0.49846728676293,0.754279261677857,3335.97681016026
"small","2017-11-30",395,0.649223149383495,2,NA,0.463631791312151,0.671393092720455,3347.11483650304
"small","2017-12-31",396,0.652330008247667,2,NA,0.511831237168209,0.767376445833723,3357.99036923318
"small","2018-01-31",397,0.647252134444919,2,NA,0.514733830680937,0.694841139280432,3368.8770788664
"small","2018-02-28",398,0.65868745696683,2,NA,0.496021326338305,0.713014388142704,3378.45825472844
"small","2018-03-31",399,0.620036660697248,2,NA,0.48211695477534,0.671596995286442,3386.73554969833
"small","2018-04-30",400,0.64466836142266,2,NA,0.46872981918999,0.708221011928229,3395.91497361103
"small","2018-05-31",401,0.642108046387372,2,NA,0.48614931455821,0.666712573294496,3406.68143278103
"small","2018-06-30",402,0.659233895942783,2,NA,0.464830484235851,0.669053633800431,3415.43424207233
"small","2018-07-31",403,0.627782754902975,2,NA,0.464083338878706,0.69556349576912,3426.22838248387
"small","2018-08-31",404,0.661746030372852,2,NA,0.478235010765344,0.717036787244374,3437.10561442861
"small","2018-09-30",405,0.626814854132146,2,NA,0.477086844182166,0.756532774156623,3448.07225423576
"small","2018-10-31",406,0.678134880293855,2,NA,0.482201399247022,0.702137389491983,3456.88350930153
"small","2018-11-30",407,0.645907451247174,2,NA,0.474277884393818,0.747635184259464,3462.37866479604
"small","2018-12-31",408,0.6651581126515,2,NA,0.544422209073416,0.755807104536141,3477.25919584751
"small","2019-01-31",409,0.666303644443474,2,NA,0.527333664513932,0.666769293332294,3489.17486046372
"small","2019-02-28",410,0.665500020778924,2,NA,0.49807660173717,0.736778836533039,3495.42019755566
"small","2019-03-31",411,0.636765905146318,2,NA,0.496259121001159,0.71770683484162,3508.94977067317
"small","2019-04-30",412,0.658268270269712,2,NA,0.51837225267794,0.653819730318321,3517.12839876777
"small","2019-05-31",413,0.64432704797993,2,NA,0.498722413675943,0.715241798750194,3524.70162564101
"small","2019-06-30",414,0.64787141809166,2,NA,0.472332274383155,0.647815149421671,3537.13860821207
"small","2019-07-31",415,0.631821625230634,2,NA,0.480202760975719,0.719169147152727,3547.82091520173
"small","2019-08-31",416,0.626124067330176,2,NA,0.48676828060539,0.678688726156307,3555.04459304832
"small","2019-09-30",417,0.648391125868885,2,NA,0.492621381145394,0.673998478939407,3568.68436545955
"small","2019-10-31",418,0.680070466207433,2,NA,0.538763349205961,0.799952122803105,3571.16524804374
"small","2019-11-30",419,0.660177523398399,2,NA,0.537318848568617,0.761266979448196,3587.30102175755
"medium","2001-01-31",193,0.310812765337878,2,NA,0.422676774187344,0.517718113028816,2009.52607591141
"medium","2001-02-28",194,0.30735768931174,2,NA,0.503632016806461,0.526594762024476,2018.49375764679
"medium","2001-03-31",195,0.311903462913782,2,NA,0.40436297496792,0.49176633577185,2029.13883254903
"medium","2001-04-30",196,0.309497701083129,2,NA,0.478173994467044,0.548908688250454,2037.92196637556
"medium","2001-05-31",197,0.333753562011819,2,NA,0.448913822565578,0.523588424982299,2050.13013395991
"medium","2001-06-30",198,0.326526679154542,2,NA,0.507642324514979,0.560543636486263,2060.77725982348
"medium","2001-07-31",199,0.322096225582597,2,NA,0.531066960282914,0.557783663037365,2074.75488156145
"medium","2001-08-31",200,0.330026799263457,2,NA,0.551158859681622,0.516778078746848,2085.28112802058
"medium","2001-09-30",201,0.33262113999258,2,NA,0.521658393550523,0.524329605710392,2094.64961455699
"medium","2001-10-31",202,0.328314883081579,2,NA,0.475517631909161,0.510132158616276,2104.08466606896
"medium","2001-11-30",203,0.327856036860162,2,NA,0.46719419272469,0.48610776806228,2119.02419318561
"medium","2001-12-31",204,0.330569475074662,2,NA,0.601671990310895,0.56270645398597,2130.98054500908
"medium","2002-01-31",205,0.332881843004182,2,NA,0.515933721367504,0.513088636664363,2144.17601808274
"medium","2002-02-28",206,0.335916391406755,2,NA,0.565499637832431,0.572000786276197,2157.36191639102
"medium","2002-03-31",207,0.329299605936588,2,NA,0.551518845483488,0.517640776915364,2167.56534462543
"medium","2002-04-30",208,0.335000406071979,2,NA,0.504404941792391,0.491484694121625,2180.78155220798
"medium","2002-05-31",209,0.323714950381275,2,NA,0.565878305556252,0.532890567944336,2195.3483583537
"medium","2002-06-30",210,0.338089902393019,2,NA,0.623325230762709,0.544089331574022,2206.81981590968
"medium","2002-07-31",211,0.336610859190454,2,NA,0.64985806943814,0.566246335627584,2218.70622137029
"medium","2002-08-31",212,0.327806457199627,2,NA,0.64685741836124,0.552973936316564,2232.01692308042
"medium","2002-09-30",213,0.321533159335804,2,NA,0.674613715995605,0.564105054082959,2241.48944953013
"medium","2002-10-31",214,0.327208433305182,2,NA,0.675351796720408,0.555249376935233,2254.4514096574
"medium","2002-11-30",215,0.322837420691047,2,NA,0.629159964285905,0.54368409654506,2260.83028729368
"medium","2002-12-31",216,0.317947513381265,2,NA,0.641362782870121,0.572481250467066,2275.2005399789
"medium","2003-01-31",217,0.325779012902915,2,NA,0.495252185931862,0.529456365943953,2288.66547166764
"medium","2003-02-28",218,0.328301064962409,2,NA,0.589579662591493,0.541610664501921,2301.59682259083
"medium","2003-03-31",219,0.321597255108289,2,NA,0.563775139848654,0.568016033103878,2312.77998831177
"medium","2003-04-30",220,0.319524524310269,2,NA,0.579909491866295,0.542814561123309,2322.00626874866
"medium","2003-05-31",221,0.314729850656017,2,NA,0.523167467259274,0.514731752886636,2333.03681167705
"medium","2003-06-30",222,0.327583226374264,2,NA,0.594186598912003,0.553016291955854,2344.28623728919
"medium","2003-07-31",223,0.310967506693874,2,NA,0.565098052617463,0.518665755940682,2353.60725206801
"medium","2003-08-31",224,0.316439799857451,2,NA,0.536721630287495,0.543509219988875,2365.5225042102
"medium","2003-09-30",225,0.315073073964365,2,NA,0.620688670268104,0.550221657943012,2380.55968752028
"medium","2003-10-31",226,0.31605941737668,2,NA,0.530125516744896,0.544176907384421,2387.90248794769
"medium","2003-11-30",227,0.313726672068881,2,NA,0.583062056049204,0.537692832886944,2407.02937814792
"medium","2003-12-31",228,0.306797955543667,2,NA,0.526766512947998,0.523421120553039,2417.72398046999
"medium","2004-01-31",229,0.325142814646965,2,NA,0.598022313451965,0.531560474567518,2435.03352698621
"medium","2004-02-29",230,0.309357957107392,2,NA,0.583430803252973,0.531003858736046,2448.39143372485
"medium","2004-03-31",231,0.314202438223242,2,NA,0.553323240113546,0.537200144720992,2460.60679223976
"medium","2004-04-30",232,0.318555444799889,2,NA,0.469335075470711,0.501372625091204,2473.42012905259
"medium","2004-05-31",233,0.318954635252194,2,NA,0.504494253662646,0.534538730966999,2484.58351443824
"medium","2004-06-30",234,0.317903297164593,2,NA,0.510934473436102,0.545498235205684,2496.77140490105
"medium","2004-07-31",235,0.314950413290964,2,NA,0.42691159335059,0.530174648933455,2508.91030518419
"medium","2004-08-31",236,0.316955649118352,2,NA,0.474417371076173,0.517246176853378,2524.01928312383
"medium","2004-09-30",237,0.31582775350159,2,NA,0.453641451022703,0.534314190463232,2537.79295497979
"medium","2004-10-31",238,0.315380996228961,2,NA,0.496115241465216,0.537571652564423,2546.86720191692
"medium","2004-11-30",239,0.329281135080107,2,NA,0.507105482198953,0.518387273009897,2564.78999099092
"medium","2004-12-31",240,0.31986242017681,2,NA,0.496880544868803,0.549435284410631,2576.57149722785
"medium","2005-01-31",241,0.325598950662125,2,NA,0.394543758583881,0.577758384158655,2590.46590984395
"medium","2005-02-28",242,0.325350940684795,2,NA,0.363197648547948,0.538030003915199,2604.25180841681
"medium","2005-03-31",243,0.317438483375479,2,NA,0.420132377291863,0.518609220885355,2614.10264640925
"medium","2005-04-30",244,0.320914918992253,2,NA,0.359740844226644,0.508676798533562,2629.41386451412
"medium","2005-05-31",245,0.326421588582101,2,NA,0.440788320350603,0.567126320452383,2644.42734271616
"medium","2005-06-30",246,0.325727442150191,2,NA,0.417907310505032,0.514358362261417,2656.56939208896
"medium","2005-07-31",247,0.334176619306179,2,NA,0.370148911878494,0.537600091717826,2670.4452283748
"medium","2005-08-31",248,0.337578665009635,2,NA,0.385953119545767,0.549663761807013,2682.23235297191
"medium","2005-09-30",249,0.326203834464943,2,NA,0.43627427185476,0.502576539740535,2678.57418668018
"medium","2005-10-31",250,0.33049792267465,2,NA,0.413755064673012,0.544503849495643,2689.56599359464
"medium","2005-11-30",251,0.342537720220638,2,NA,0.342817361747354,0.523724152113853,2697.80458674759
"medium","2005-12-31",252,0.32539360545968,2,NA,0.327393262988659,0.455611508961583,2714.49121732437
"medium","2006-01-31",253,0.337747246962944,2,NA,0.36069273758197,0.499721683360841,2726.42410232639
"medium","2006-02-28",254,0.349068429340898,2,NA,0.339550744278743,0.543702176887055,2740.10487271507
"medium","2006-03-31",255,0.341283436640625,2,NA,0.326053859167783,0.529083210315019,2754.39683627595
"medium","2006-04-30",256,0.337402795000562,2,NA,0.344857034828302,0.539647986241286,2764.15386156738
"medium","2006-05-31",257,0.340694283211009,2,NA,0.320232270597335,0.509795440010427,2781.72269437272
"medium","2006-06-30",258,0.339225414373467,2,NA,0.349584977424972,0.526494828754709,2796.33439312279
"medium","2006-07-31",259,0.340558725307509,2,NA,0.368142433669837,0.571030138276811,2811.7086616848
"medium","2006-08-31",260,0.34000649694511,2,NA,0.400124197017233,0.496645593132502,2820.56362794684
"medium","2006-09-30",261,0.345677287696611,2,NA,0.326905699647707,0.531621322730914,2836.76559880632
"medium","2006-10-31",262,0.34600622674758,2,NA,0.309784282339129,0.519630328471185,2847.49481959918
"medium","2006-11-30",263,0.334904093040042,2,NA,0.347289567201698,0.541254491915026,2863.68830211198
"medium","2006-12-31",264,0.347719313557746,2,NA,0.297778459200094,0.461582259222719,2873.08940208932
"medium","2007-01-31",265,0.353245373723767,2,NA,0.315744729315544,0.483699015692554,2884.19455257183
"medium","2007-02-28",266,0.348774192380537,2,NA,0.325142902423551,0.491874449014239,2902.62226899428
"medium","2007-03-31",267,0.3439423611519,2,NA,0.295555066014858,0.49760332995421,2914.83743697245
"medium","2007-04-30",268,0.337968672299388,2,NA,0.296259466604291,0.506890709311033,2929.5310265018
"medium","2007-05-31",269,0.334379918165278,2,NA,0.287813503601443,0.526875828891116,2945.39546975014
"medium","2007-06-30",270,0.339532040192185,2,NA,0.323921487399475,0.533303403404147,2956.41777561577
"medium","2007-07-31",271,0.352521891339138,2,NA,0.315348107527646,0.465050062528333,2966.64924576901
"medium","2007-08-31",272,0.323836986874131,2,NA,0.29870417630274,0.472003057108083,2984.32887690245
"medium","2007-09-30",273,0.36454650412068,2,NA,0.308202389119476,0.490078702249973,2997.06834424328
"medium","2007-10-31",274,0.357369023000203,2,NA,0.294793397424893,0.53504604580468,3011.58265577136
"medium","2007-11-30",275,0.353389629798001,2,NA,0.277560973400567,0.495611734209697,3021.68527464294
"medium","2007-12-31",276,0.350137617939408,2,NA,0.324249268251407,0.52222981942247,3035.69603408829
"medium","2008-01-31",277,0.367376292411954,2,NA,0.308299771087974,0.513846264350235,3048.15765211855
"medium","2008-02-29",278,0.366238088750734,2,NA,0.32050764696782,0.528510471769486,3047.84113546798
"medium","2008-03-31",279,0.364024871747465,2,NA,0.36118643774518,0.472338657455917,3063.14829898128
"medium","2008-04-30",280,0.357759623102178,2,NA,0.338675021708816,0.563507738466208,3072.38739699831
"medium","2008-05-31",281,0.365743456828611,2,NA,0.364341523890388,0.501017437546076,3083.60592106807
"medium","2008-06-30",282,0.374051857946128,2,NA,0.376009545516923,0.480254788466621,3093.89355781806
"medium","2008-07-31",283,0.364329283123094,2,NA,0.354788742465098,0.505143446334083,3104.89416124162
"medium","2008-08-31",284,0.355497683750295,2,NA,0.391694099769041,0.47855798164963,3113.34778741842
"medium","2008-09-30",285,0.362456547889664,2,NA,0.407291190899317,0.478480067881894,3094.26785011429
"medium","2008-10-31",286,0.382940864135504,2,NA,0.458270733149132,0.510454556905059,3072.21930038525
"medium","2008-11-30",287,0.409192435314898,2,NA,0.420909911501703,0.437327507220468,3063.98625968473
"medium","2008-12-31",288,0.419257448203933,2,NA,0.507502446360252,0.4356903170309,3066.64809245714
"medium","2009-01-31",289,0.419256558850678,2,NA,0.431628759702339,0.418569177012307,3065.67630749592
"medium","2009-02-28",290,0.427849021751125,2,NA,0.425117630089329,0.468406013151955,3072.20447064558
"medium","2009-03-31",291,0.439996911574447,2,NA,0.445024375952348,0.433161353518983,3079.68054982587
"medium","2009-04-30",292,0.431875098209375,2,NA,0.438359703775627,0.492260791857079,3090.01889218928
"medium","2009-05-31",293,0.456531376091565,2,NA,0.434529301860508,0.499678673959971,3097.37824069639
"medium","2009-06-30",294,0.430255901636817,2,NA,0.415944769305465,0.418076846132037,3108.21773174317
"medium","2009-07-31",295,0.445661172172254,2,NA,0.440110733936476,0.441738349474845,3116.05330882297
"medium","2009-08-31",296,0.428651794849922,2,NA,0.424055019513802,0.495196614731166,3124.97525760573
"medium","2009-09-30",297,0.43790127710006,2,NA,0.448184061187195,0.462400137443807,3138.544328481
"medium","2009-10-31",298,0.438144254156603,2,NA,0.419532605760687,0.421898907700668,3150.45176281275
"medium","2009-11-30",299,0.433593399313942,2,NA,0.418215767947985,0.431160829803589,3168.03763812801
"medium","2009-12-31",300,0.43561719810261,2,NA,0.423149962343034,0.430496193043513,3178.81485584603
"medium","2010-01-31",301,0.433073875390505,2,NA,0.43845998093765,0.45513053008456,3194.41129045829
"medium","2010-02-28",302,0.436771342695988,2,NA,0.381711770556477,0.460405245177525,3207.429634299
"medium","2010-03-31",303,0.450763176168731,2,NA,0.407559861616384,0.468900150201449,3221.78525157185
"medium","2010-04-30",304,0.42809119066638,2,NA,0.386043548162483,0.428467886564754,3234.84085447257
"medium","2010-05-31",305,0.412666315438279,2,NA,0.433015953518782,0.460735331195002,3241.7430778758
"medium","2010-06-30",306,0.431781332500937,2,NA,0.466322603629808,0.444561616859609,3255.65382989333
"medium","2010-07-31",307,0.440798185813034,2,NA,0.429560758394151,0.46338415929314,3267.06012001862
"medium","2010-08-31",308,0.4352071261858,2,NA,0.458310055461376,0.466250389268725,3280.34983275496
"medium","2010-09-30",309,0.438889477830634,2,NA,0.449590222069484,0.443253621714696,3294.71327771552
"medium","2010-10-31",310,0.441418503608976,2,NA,0.485340050647889,0.512991863480512,3304.49578863879
"medium","2010-11-30",311,0.423675638762344,2,NA,0.423370899360605,0.452872657668387,3317.3615952986
"medium","2010-12-31",312,0.446201846574337,2,NA,0.387425835345963,0.488651587424034,3323.35393188018
"medium","2011-01-31",313,0.444490441907753,2,NA,0.390347669118849,0.437990270330415,3335.90601017039
"medium","2011-02-28",314,0.446880837939035,2,NA,0.440497748918962,0.498036373559803,3347.94266061628
"medium","2011-03-31",315,0.437759791304081,2,NA,0.40712565717297,0.461505934615859,3359.34076564018
"medium","2011-04-30",316,0.428218836811407,2,NA,0.388241247145185,0.467051149394594,3373.82742095426
"medium","2011-05-31",317,0.435184996996047,2,NA,0.416018298919748,0.46154311994607,3388.13234795604
"medium","2011-06-30",318,0.44742880163578,2,NA,0.389061179256487,0.499627624514908,3399.94657151466
"medium","2011-07-31",319,0.429426080164307,2,NA,0.384191652240493,0.483009282559389,3416.08094148513
"medium","2011-08-31",320,0.439118052023966,2,NA,0.407398772092738,0.510765064009965,3422.36278464183
"medium","2011-09-30",321,0.441435467871384,2,NA,0.408861898709773,0.471996213622124,3434.71848223211
"medium","2011-10-31",322,0.4447029879065,2,NA,0.413665056484481,0.513912860105198,3440.96583639409
"medium","2011-11-30",323,0.433574352249135,2,NA,0.423203841428872,0.479419287379233,3457.6420474554
"medium","2011-12-31",324,0.412813787822784,2,NA,0.428123171541346,0.500298417916921,3472.04876795294
"medium","2012-01-31",325,0.416183564092712,2,NA,0.357056298034464,0.459991812435413,3485.65282116565
"medium","2012-02-29",326,0.422035901071259,2,NA,0.380974080377755,0.489870504042246,3501.18438283408
"medium","2012-03-31",327,0.426420566812058,2,NA,0.397197417240096,0.517943391499623,3514.66554938425
"medium","2012-04-30",328,0.419979233788858,2,NA,0.409849944700496,0.511861067193411,3528.44200481637
"medium","2012-05-31",329,0.425801200603318,2,NA,0.355717002015774,0.453810735128857,3536.14654208066
"medium","2012-06-30",330,0.432735997944169,2,NA,0.388731810720016,0.520815234336757,3553.77537905853
"medium","2012-07-31",331,0.42943816636458,2,NA,0.399123392074479,0.505118127941871,3565.74578933443
"medium","2012-08-31",332,0.423185170115224,2,NA,0.415559078122756,0.456444878053925,3580.58400044694
"medium","2012-09-30",333,0.417862411280083,2,NA,0.383559072100509,0.517456371308203,3592.7668464164
"medium","2012-10-31",334,0.431576399623261,2,NA,0.381934342625256,0.48288993804629,3606.97026141368
"medium","2012-11-30",335,0.424300473362544,2,NA,0.375084072035495,0.463988043416855,3621.63015293815
"medium","2012-12-31",336,0.432555361937772,2,NA,0.450793495089936,0.507671083043601,3634.00072236078
"medium","2013-01-31",337,0.41791622897012,2,NA,0.407407700619584,0.536847089765282,3645.92613734247
"medium","2013-02-28",338,0.418795697451311,2,NA,0.47078989790097,0.532472787364324,3660.25758196616
"medium","2013-03-31",339,0.417120555071064,2,NA,0.430858435831005,0.448494189015804,3672.43785021935
"medium","2013-04-30",340,0.43342377201561,2,NA,0.39368929263502,0.455584589085783,3685.93127604535
"medium","2013-05-31",341,0.432410921655475,2,NA,0.400075367766374,0.492614056891357,3700.83165762104
"medium","2013-06-30",342,0.417848626267716,2,NA,0.467374993828465,0.516229809002159,3713.42207922773
"medium","2013-07-31",343,0.434943749272363,2,NA,0.440149831698171,0.497478377946439,3725.22325231813
"medium","2013-08-31",344,0.41166203594786,2,NA,0.459024271299066,0.537963340442997,3735.13316182258
"medium","2013-09-30",345,0.428881220555764,2,NA,0.457078887190261,0.470128026867997,3755.22357052695
"medium","2013-10-31",346,0.423160051617187,2,NA,0.448304963476367,0.478703683582143,3769.09244605854
"medium","2013-11-30",347,0.426590203126851,2,NA,0.498117842965475,0.520564725386967,3780.89789673329
"medium","2013-12-31",348,0.427887478662899,2,NA,0.432577292962331,0.531296716138749,3794.19899977992
"medium","2014-01-31",349,0.416861384900799,2,NA,0.500411596638772,0.504051440788348,3805.84835573846
"medium","2014-02-28",350,0.425521829650386,2,NA,0.4716572703706,0.53232723869488,3821.3163729926
"medium","2014-03-31",351,0.426914026052413,2,NA,0.501539274762131,0.477777241415119,3836.69980499339
"medium","2014-04-30",352,0.429390112129905,2,NA,0.452034699212805,0.477225875063777,3844.94211293989
"medium","2014-05-31",353,0.434004413696049,2,NA,0.442429427372254,0.490306972740606,3860.21355011869
"medium","2014-06-30",354,0.430565946196281,2,NA,0.476087026782067,0.522941212289941,3875.10478885382
"medium","2014-07-31",355,0.430294456710004,2,NA,0.487951864346781,0.535774361188643,3886.91417673699
"medium","2014-08-31",356,0.441044965096998,2,NA,0.428815324059019,0.494375697063235,3902.53312199267
"medium","2014-09-30",357,0.434654678461577,2,NA,0.461329927768776,0.550795987539047,3917.26071358273
"medium","2014-10-31",358,0.428864947327119,2,NA,0.451813446972214,0.491553975112493,3929.45279778856
"medium","2014-11-30",359,0.448600363662157,2,NA,0.454348173888137,0.516265970300544,3941.42337414485
"medium","2014-12-31",360,0.44622175081201,2,NA,0.467954961689566,0.520248785195878,3946.40950150497
"medium","2015-01-31",361,0.439983505268362,2,NA,0.45803316902318,0.492364061512772,3965.02886135673
"medium","2015-02-28",362,0.433147384484569,2,NA,0.520560024020238,0.526518024461257,3974.47857964546
"medium","2015-03-31",363,0.42915950390416,2,NA,0.500460562379735,0.54114582079631,3987.33833625796
"medium","2015-04-30",364,0.433273017613633,2,NA,0.504114257553926,0.474838068459266,4001.07537895648
"medium","2015-05-31",365,0.437319942410294,2,NA,0.534820713454903,0.545258351286823,4012.09727632478
"medium","2015-06-30",366,0.432557190618213,2,NA,0.495277754955212,0.517537386149822,4023.26068385239
"medium","2015-07-31",367,0.43121164915684,2,NA,0.530988295725065,0.506421420310405,4036.31566724428
"medium","2015-08-31",368,0.440474990213747,2,NA,0.482234278631058,0.519300500193279,4049.06507378019
"medium","2015-09-30",369,0.437919523902688,2,NA,0.464614516882486,0.533225307219616,4061.70707041969
"medium","2015-10-31",370,0.436603043204674,2,NA,0.51114295979598,0.52622442408223,4077.11297341752
"medium","2015-11-30",371,0.43997793914938,2,NA,0.45805300943059,0.485532567914866,4089.44723489122
"medium","2015-12-31",372,0.431951447435578,2,NA,0.519869771632473,0.554556223026889,4102.60919864087
"medium","2016-01-31",373,0.437139934534184,2,NA,0.480970934725031,0.510248240318412,4112.61182137898
"medium","2016-02-29",374,0.427625311119722,2,NA,0.453301383153034,0.501228789909639,4131.57576494711
"medium","2016-03-31",375,0.450253801239813,2,NA,0.499381988719071,0.559589820774803,4142.87016487107
"medium","2016-04-30",376,0.426386612402828,2,NA,0.528970969686052,0.532803566569342,4151.77720882179
"medium","2016-05-31",377,0.429531977435932,2,NA,0.475137624973432,0.541289255828765,4166.0464920713
"medium","2016-06-30",378,0.424220484910778,2,NA,0.457900558361402,0.547814640750303,4178.16294879758
"medium","2016-07-31",379,0.435895281052487,2,NA,0.499880334926171,0.553420709888855,4193.95451425388
"medium","2016-08-31",380,0.426949780005081,2,NA,0.459914902244987,0.546127690226931,4208.9920998669
"medium","2016-09-30",381,0.441011867111353,2,NA,0.473954463505206,0.506068882999343,4224.30037219575
"medium","2016-10-31",382,0.432368003500285,2,NA,0.509408895595642,0.554804999900326,4235.48926901871
"medium","2016-11-30",383,0.447006592837107,2,NA,0.552034360812865,0.531716800898124,4250.84652185376
"medium","2016-12-31",384,0.434270692096465,2,NA,0.500623197079978,0.509044886163924,4263.74934743662
"medium","2017-01-31",385,0.437079613446886,2,NA,0.457508351363269,0.545072292019243,4277.20775482341
"medium","2017-02-28",386,0.433047304252138,2,NA,0.454997833183941,0.500912058239532,4292.84820865951
"medium","2017-03-31",387,0.432771905506579,2,NA,0.535561655501123,0.547813484917179,4306.97128088881
"medium","2017-04-30",388,0.435162422143185,2,NA,0.484694260983143,0.563473199682029,4321.07622697965
"medium","2017-05-31",389,0.427593794092399,2,NA,0.526873800113109,0.51859024112682,4335.76106967595
"medium","2017-06-30",390,0.444971499194998,2,NA,0.486296943306335,0.544715959404778,4350.84208744044
"medium","2017-07-31",391,0.443678240290044,2,NA,0.491408889668263,0.582017739883764,4363.71170196969
"medium","2017-08-31",392,0.444054444608406,2,NA,0.509428349847447,0.525133144171957,4379.26063810681
"medium","2017-09-30",393,0.43394938516387,2,NA,0.485446294528692,0.494519164593004,4392.32393650645
"medium","2017-10-31",394,0.443070007265211,2,NA,0.509739049664255,0.532916861893918,4405.42761185818
"medium","2017-11-30",395,0.436835425604287,2,NA,0.521311252481234,0.539109507485177,4419.29779290202
"medium","2017-12-31",396,0.444389330317094,2,NA,0.470446395485561,0.563111091877274,4435.66572730293
"medium","2018-01-31",397,0.446631426203976,2,NA,0.495315270215097,0.572071879463031,4450.81978765983
"medium","2018-02-28",398,0.443289285582759,2,NA,0.465251692177765,0.4927755631395,4464.4052616498
"medium","2018-03-31",399,0.443841818016239,2,NA,0.519347495916404,0.532082427846715,4476.51817134009
"medium","2018-04-30",400,0.435876691820943,2,NA,0.49914910548935,0.492377480973806,4492.1229179027
"medium","2018-05-31",401,0.445804948169629,2,NA,0.48281768192926,0.509144141024261,4505.00978779939
"medium","2018-06-30",402,0.442571647807267,2,NA,0.524327571110131,0.552476161915799,4512.51034829683
"medium","2018-07-31",403,0.448548466903238,2,NA,0.492566610204595,0.528096581518626,4531.44780203687
"medium","2018-08-31",404,0.45798518948431,2,NA,0.492544905414561,0.524169973419897,4545.42111119232
"medium","2018-09-30",405,0.442293557381357,2,NA,0.510621650832363,0.542681370768719,4558.34601075498
"medium","2018-10-31",406,0.44345393973443,2,NA,0.520010869264122,0.52841657263825,4568.90356616241
"medium","2018-11-30",407,0.446862453788419,2,NA,0.509992707215948,0.558526399988808,4585.63887851664
"medium","2018-12-31",408,0.450382599441959,2,NA,0.57235858662743,0.599863900627286,4593.81495415309
"medium","2019-01-31",409,0.440186577193834,2,NA,0.499018571326076,0.48181028195027,4607.47999613764
"medium","2019-02-28",410,0.449070100188496,2,NA,0.516988803504476,0.569126760589465,4620.33968009578
"medium","2019-03-31",411,0.447728230266439,2,NA,0.502610356960229,0.548304076153035,4636.74404025079
"medium","2019-04-30",412,0.457491280617414,2,NA,0.478489185772468,0.496181189146971,4649.57361166064
"medium","2019-05-31",413,0.445284735173781,2,NA,0.493763197397185,0.557359317126538,4660.1517018253
"medium","2019-06-30",414,0.452557926954455,2,NA,0.532684104618854,0.543958940749078,4675.61180286023
"medium","2019-07-31",415,0.445218827024096,2,NA,0.532460749378689,0.533004232501159,4687.1116804253
"medium","2019-08-31",416,0.442991999389563,2,NA,0.533247867315664,0.608509385832346,4699.63553574447
"medium","2019-09-30",417,0.437819101956392,2,NA,0.52957687303793,0.55341628762034,4713.69431141605
"medium","2019-10-31",418,0.445342001287763,2,NA,0.560870400204839,0.501698962363109,4727.56465047808
"medium","2019-11-30",419,0.435370420371792,2,NA,0.54293026612761,0.52441167039433,4743.00934314391
"full","2001-01-31",193,0.129627226701901,2,NA,0.662157391540123,0.486152735581574,1487.34704083213
"full","2001-02-28",194,0.136960088804961,2,NA,0.52787215343817,0.46649706139547,1491.12970183697
"full","2001-03-31",195,0.130706250073135,2,NA,0.554786417869119,0.428325996996282,1505.03388652066
"full","2001-04-30",196,0.133791378136835,2,NA,0.557996465139934,0.464934560868635,1509.95292792937
"full","2001-05-31",197,0.142677145561691,2,NA,0.513351129817156,0.490163905737245,1517.39547864918
"full","2001-06-30",198,0.140833451402844,2,NA,0.604304347558319,0.488933525980316,1528.32571441612
"full","2001-07-31",199,0.138735949038936,2,NA,0.499691122923518,0.491082463849914,1538.68770764645
"full","2001-08-31",200,0.150680233836451,2,NA,0.591025844857302,0.468111330479285,1547.86983794611
"full","2001-09-30",201,0.151593620403399,2,NA,0.539985642238637,0.476943182728374,1550.75172053084
"full","2001-10-31",202,0.153471750464671,2,NA,0.393976194299055,0.50647431709603,1559.24141642372
"full","2001-11-30",203,0.147550144065465,2,NA,0.418895461110258,0.480633355550363,1569.82392146882
"full","2001-12-31",204,0.152340568510839,2,NA,0.404089472433122,0.463456696561583,1579.80361327919
"full","2002-01-31",205,0.152655701307134,2,NA,0.507594032615608,0.500513232563257,1586.17789678426
"full","2002-02-28",206,0.153293525258587,2,NA,0.409075706070246,0.452307244046267,1600.84989012967
"full","2002-03-31",207,0.149662561960255,2,NA,0.42510566629495,0.462519626727899,1610.96136484388
"full","2002-04-30",208,0.16457575369099,2,NA,0.427211134186625,0.469099559800388,1620.68580017602
"full","2002-05-31",209,0.152391392093221,2,NA,0.384151230688484,0.427410762014912,1631.8737163438
"full","2002-06-30",210,0.154266992658364,2,NA,0.430540066835181,0.410014280820169,1640.54759554548
"full","2002-07-31",211,0.155206203656586,2,NA,0.528292667543352,0.447297084085236,1647.92141293079
"full","2002-08-31",212,0.14786592434826,2,NA,0.530369838763326,0.452034962630899,1660.86243128723
"full","2002-09-30",213,0.149260011521552,2,NA,0.383908107633771,0.422786801027153,1668.20990488145
"full","2002-10-31",214,0.157813803922762,2,NA,0.450266910810474,0.452152387851038,1676.9297251681
"full","2002-11-30",215,0.148474867928086,2,NA,0.423180043123468,0.485081188450454,1685.95353022496
"full","2002-12-31",216,0.150731894904428,2,NA,0.43401505341631,0.463393957178675,1695.05918777744
"full","2003-01-31",217,0.146083768060263,2,NA,0.514743740688813,0.47959984356982,1705.41676517177
"full","2003-02-28",218,0.153677724369037,2,NA,0.286443988144997,0.425391428829488,1715.61965355326
"full","2003-03-31",219,0.151457178831999,2,NA,0.330613004558915,0.453322811622032,1724.62095036747
"full","2003-04-30",220,0.15744454080935,2,NA,0.387182371231611,0.459508827735478,1727.86227359775
"full","2003-05-31",221,0.166791017243005,2,NA,0.382600233561222,0.474959748130306,1735.7210461761
"full","2003-06-30",222,0.159483456366035,2,NA,0.451989188487853,0.454827491624051,1741.69796936111
"full","2003-07-31",223,0.159115126218091,2,NA,0.385134087945421,0.440140775187836,1753.60211034805
"full","2003-08-31",224,0.158192430746646,2,NA,0.317827322667368,0.475124892910986,1762.21049364882
"full","2003-09-30",225,0.152932893425955,2,NA,0.30611032870308,0.432440511226033,1773.09197079554
"full","2003-10-31",226,0.150268428043922,2,NA,0.408141527859311,0.543320221740834,1784.91418275145
"full","2003-11-30",227,0.16369335620734,2,NA,0.37661975256407,0.47930882665419,1795.62202254372
"full","2003-12-31",228,0.149316053520889,2,NA,0.366247948220791,0.45769872054072,1808.44285013238
"full","2004-01-31",229,0.162778943160712,2,NA,0.36242695145369,0.46235522256992,1813.85121027571
"full","2004-02-29",230,0.155945140266073,2,NA,0.398683136114544,0.491238219589808,1821.65188906352
"full","2004-03-31",231,0.154086847499492,2,NA,0.406608934241824,0.494195239492531,1832.94642970188
"full","2004-04-30",232,0.157002057328566,2,NA,0.384638368989716,0.463800211598983,1842.93221218555
"full","2004-05-31",233,0.15616685505393,2,NA,0.410806611442262,0.513280803395247,1848.78601369099
"full","2004-06-30",234,0.156621271539017,2,NA,0.429698147101271,0.460018101170289,1861.0863620685
"full","2004-07-31",235,0.167558086376009,2,NA,0.370662366010561,0.505495849002641,1866.03533373371
"full","2004-08-31",236,0.160372239485398,2,NA,0.38767716297461,0.504030906200675,1881.47889738314
"full","2004-09-30",237,0.154417399542329,2,NA,0.332267959051445,0.486175775246993,1889.74157571447
"full","2004-10-31",238,0.168524237123803,2,NA,0.433671841615378,0.499905540773067,1898.66491076641
"full","2004-11-30",239,0.162846750214391,2,NA,0.31379513502298,0.497680608279647,1913.82724943217
"full","2004-12-31",240,0.169953813388708,2,NA,0.26199184193857,0.49975465050783,1925.2736199015
"full","2005-01-31",241,0.162614991028836,2,NA,0.350497754886126,0.495166703811143,1935.99113040875
"full","2005-02-28",242,0.164525172205516,2,NA,0.291331695223286,0.444166385425686,1945.76331256374
"full","2005-03-31",243,0.15915142037533,2,NA,0.291023269699947,0.447484764688851,1951.57110438669
"full","2005-04-30",244,0.168157180916048,2,NA,0.474183548914169,0.524446491501071,1965.53454597857
"full","2005-05-31",245,0.168409863199057,2,NA,0.308639720647494,0.503158093599885,1980.38914547294
"full","2005-06-30",246,0.15602227133858,2,NA,0.214142830631259,0.471599680569852,1988.32158966408
"full","2005-07-31",247,0.168693625688629,2,NA,0.277036570600424,0.454496799274207,1996.38927002156
"full","2005-08-31",248,0.166210940749492,2,NA,0.233451616805992,0.421004507556824,2007.21194815909
"full","2005-09-30",249,0.165322396284888,2,NA,0.332181050377136,0.46785670144271,1992.99143942642
"full","2005-10-31",250,0.159920511499868,2,NA,0.347490279209335,0.509161587504884,2001.54006806391
"full","2005-11-30",251,0.17040158945945,2,NA,0.323036283218648,0.455224374904857,2007.74876540272
"full","2005-12-31",252,0.172166500191073,2,NA,0.239475046452603,0.438557852904147,2017.38506707309
"full","2006-01-31",253,0.181515224861357,2,NA,0.265766470111998,0.475227388129846,2025.65430190081
"full","2006-02-28",254,0.182973047457716,2,NA,0.27129256448272,0.518045421542907,2035.14694865611
"full","2006-03-31",255,0.176925904450744,2,NA,0.2181426154839,0.482547324018092,2048.26923082394
"full","2006-04-30",256,0.174440733187708,2,NA,0.323311889078215,0.493189827048682,2059.8289693476
"full","2006-05-31",257,0.172496789531514,2,NA,0.281782473573362,0.484364730506554,2069.54719678263
"full","2006-06-30",258,0.188791360810383,2,NA,0.234297766112354,0.447264459375703,2079.52058550411
"full","2006-07-31",259,0.169991478878178,2,NA,0.256038985175088,0.450793823044464,2091.43739577308
"full","2006-08-31",260,0.174378609719631,2,NA,0.194036000376905,0.490667174722164,2104.80992171311
"full","2006-09-30",261,0.181713762234181,2,NA,0.213964033654591,0.39335146637993,2112.62862907008
"full","2006-10-31",262,0.162440216651793,2,NA,0.173517980741389,0.49498953845418,2112.68912115791
"full","2006-11-30",263,0.181396590039135,2,NA,0.208411170115307,0.473786284232038,2130.83201325611
"full","2006-12-31",264,0.176482642245637,2,NA,0.20695444253837,0.443489214841261,2139.50477226378
"full","2007-01-31",265,0.179222614778951,2,NA,0.227121238052962,0.468973085430827,2148.45177755509
"full","2007-02-28",266,0.167818771248573,2,NA,0.235623360450934,0.546272952563587,2164.44125644141
"full","2007-03-31",267,0.186440176041349,2,NA,0.231073645924747,0.472531528966604,2176.5404258836
"full","2007-04-30",268,0.177454946004067,2,NA,0.229751125915623,0.455662731930783,2184.87452223716
"full","2007-05-31",269,0.183496829436718,2,NA,0.171572520995258,0.397116180679648,2198.70232987663
"full","2007-06-30",270,0.179583040549473,2,NA,0.202133254281561,0.486143072773896,2208.14559997025
"full","2007-07-31",271,0.171734349494692,2,NA,0.182135951062375,0.385371008504098,2218.30404857516
"full","2007-08-31",272,0.180288031374688,2,NA,0.254687258649195,0.488723086877976,2227.85847646236
"full","2007-09-30",273,0.180194040984866,2,NA,0.225274859297143,0.442662968513929,2238.22608623366
"full","2007-10-31",274,0.175869552520819,2,NA,0.183382294160679,0.454262147822237,2250.18655152127
"full","2007-11-30",275,0.187537266529896,2,NA,0.178375745107634,0.433761518212464,2258.74691338535
"full","2007-12-31",276,0.189728733631467,2,NA,0.251039232238501,0.441185555836628,2269.09610338056
"full","2008-01-31",277,0.192297239102049,2,NA,0.228192609033465,0.439451059550823,2277.88766818783
"full","2008-02-29",278,0.189847559886043,2,NA,0.200307027372447,0.449339862387745,2277.34954855995
"full","2008-03-31",279,0.185152102085335,2,NA,0.19151575294979,0.437176482734253,2289.20862397719
"full","2008-04-30",280,0.194375602701145,2,NA,0.261952645627071,0.492716639187304,2292.38497625408
"full","2008-05-31",281,0.184770625240473,2,NA,0.258871378879942,0.454828532946175,2305.0259710457
"full","2008-06-30",282,0.193519501366111,2,NA,0.180884256879932,0.452218337482346,2309.62189281316
"full","2008-07-31",283,0.198888832911491,2,NA,0.291406299511896,0.40897334583875,2317.8011310738
"full","2008-08-31",284,0.192549400180344,2,NA,0.233308567335986,0.470527819821354,2324.06285493846
"full","2008-09-30",285,0.201001920880236,2,NA,0.351559127244558,0.464791266402521,2298.51220712389
"full","2008-10-31",286,0.199221289835144,2,NA,0.373671728061676,0.442060926118576,2266.34031412049
"full","2008-11-30",287,0.223332596332634,2,NA,0.34115129239492,0.371566298692194,2252.38608697413
"full","2008-12-31",288,0.244416485729668,2,NA,0.351647922797523,0.387595817991955,2249.52977084926
"full","2009-01-31",289,0.225501655604048,2,NA,0.311419498340635,0.431140517413382,2247.84335125901
"full","2009-02-28",290,0.229476242028903,2,NA,0.335037078042367,0.388977008092977,2246.64874952741
"full","2009-03-31",291,0.21545400157412,2,NA,0.35855696477469,0.416295408180094,2254.60315714858
"full","2009-04-30",292,0.228484375391142,2,NA,0.350291926515755,0.408256948958961,2260.25049007516
"full","2009-05-31",293,0.224516352719275,2,NA,0.372605457571444,0.436052368533732,2264.95622377971
"full","2009-06-30",294,0.227607920711813,2,NA,0.403458337091034,0.402553886406505,2269.20347231822
"full","2009-07-31",295,0.213270927772056,2,NA,0.310780071612334,0.393429147665444,2274.10279138911
"full","2009-08-31",296,0.21642958282073,2,NA,0.334487825278273,0.360228478572925,2285.63188082871
"full","2009-09-30",297,0.226914967149705,2,NA,0.381939606248254,0.437020036731276,2294.51138885544
"full","2009-10-31",298,0.235648468111929,2,NA,0.327296020242807,0.374581333739143,2306.82259048796
"full","2009-11-30",299,0.2176643892784,2,NA,0.379602424833583,0.402185305238603,2313.37641511827
"full","2009-12-31",300,0.215788254708103,2,NA,0.370206643492694,0.447088218534942,2322.20815691004
"full","2010-01-31",301,0.219715034479633,2,NA,0.371978352119362,0.40793035790287,2338.27629117449
"full","2010-02-28",302,0.216648372333466,2,NA,0.302111945403906,0.391482837192468,2350.17179585999
"full","2010-03-31",303,0.220814458105188,2,NA,0.298246177486351,0.415116323505119,2360.96819618056
"full","2010-04-30",304,0.234952451589603,2,NA,0.304129922073438,0.341120952077016,2372.11338061713
"full","2010-05-31",305,0.223381967189212,2,NA,0.346214535986919,0.433063484873316,2376.21414819506
"full","2010-06-30",306,0.217857560738664,2,NA,0.359233754428839,0.482970377910087,2385.52643322811
"full","2010-07-31",307,0.228438136075022,2,NA,0.379062387073912,0.438237089782397,2392.70979265151
"full","2010-08-31",308,0.210413398364101,2,NA,0.35713424798143,0.463807824449086,2406.68771285004
"full","2010-09-30",309,0.207047722735078,2,NA,0.327711485815743,0.443001926905453,2414.65385443758
"full","2010-10-31",310,0.209846167167893,2,NA,0.321625279195351,0.407154052336975,2425.0875209112
"full","2010-11-30",311,0.219436938043475,2,NA,0.309336662497363,0.447090906869454,2434.21537952786
"full","2010-12-31",312,0.218008638767502,2,NA,0.305300524002564,0.358746180098057,2437.01574193773
"full","2011-01-31",313,0.230614675354543,2,NA,0.325093066188617,0.431461542046244,2448.40610131568
"full","2011-02-28",314,0.236378505899098,2,NA,0.257762459534329,0.383323004921832,2455.60526439975
"full","2011-03-31",315,0.23494467438795,2,NA,0.265111249258767,0.388309782580899,2466.51709844984
"full","2011-04-30",316,0.231659596310614,2,NA,0.300216805923575,0.442904889999199,2474.22814463536
"full","2011-05-31",317,0.218003980233362,2,NA,0.247607187628827,0.430068087555967,2488.99554719386
"full","2011-06-30",318,0.216874353654627,2,NA,0.254299646082331,0.412025178480648,2498.00693221971
"full","2011-07-31",319,0.227535966066127,2,NA,0.314347183669581,0.383097825292966,2506.94990784051
"full","2011-08-31",320,0.215228399662785,2,NA,0.291285404417591,0.42634487466246,2504.58283058171
"full","2011-09-30",321,0.221761832891028,2,NA,0.330400112413021,0.413549680482403,2520.75437812017
"full","2011-10-31",322,0.21460087077938,2,NA,0.238463717785586,0.429944481053996,2526.89085690736
"full","2011-11-30",323,0.219402814474623,2,NA,0.293790722138149,0.445292509987359,2531.67647456398
"full","2011-12-31",324,0.227407655482676,2,NA,0.291080607192536,0.405118203164236,2548.91808194713
"full","2012-01-31",325,0.20718819586595,2,NA,0.344872171040109,0.378486637557466,2557.17405287609
"full","2012-02-29",326,0.216045427873527,2,NA,0.257163228120468,0.435219430396697,2571.92558114342
"full","2012-03-31",327,0.223709697020388,2,NA,0.349310632498974,0.424860667021047,2581.76877935542
"full","2012-04-30",328,0.223794438436829,2,NA,0.276279683781067,0.398836290906877,2591.40140408524
"full","2012-05-31",329,0.209579831706196,2,NA,0.299840109212366,0.418097047261561,2599.82186621427
"full","2012-06-30",330,0.213515273269276,2,NA,0.287824420907504,0.401814993222333,2612.45079486188
"full","2012-07-31",331,0.214021415893021,2,NA,0.286782557837456,0.456951824127429,2616.70230627602
"full","2012-08-31",332,0.219621677241207,2,NA,0.314795604016169,0.395835149070594,2633.28217230762
"full","2012-09-30",333,0.219288488059131,2,NA,0.244007878055641,0.404738457471428,2640.49332834314
"full","2012-10-31",334,0.217213873557091,2,NA,0.336967909263848,0.464710192716682,2646.86931173333
"full","2012-11-30",335,0.216842359675717,2,NA,0.320470362445526,0.472063440160931,2663.71055480007
"full","2012-12-31",336,0.216304635130771,2,NA,0.348529286563752,0.464280686470093,2671.48280199582
"full","2013-01-31",337,0.220927609737221,2,NA,0.312090621928568,0.438161871487227,2684.07942080538
"full","2013-02-28",338,0.220623527259716,2,NA,0.30413548317444,0.39881776762852,2694.4218152695
"full","2013-03-31",339,0.223750408941397,2,NA,0.293119451452337,0.437983815448258,2700.94496388777
"full","2013-04-30",340,0.219278168444092,2,NA,0.323601616725182,0.477993105174524,2713.39796407097
"full","2013-05-31",341,0.229277333734332,2,NA,0.296547052208924,0.369113248192992,2724.90999478192
"full","2013-06-30",342,0.217638897010305,2,NA,0.329379690126808,0.452688916039938,2735.8036072028
"full","2013-07-31",343,0.226467475491852,2,NA,0.395783351740455,0.468463543474097,2741.77026999781
"full","2013-08-31",344,0.225049209294463,2,NA,0.343419562036644,0.468120244560776,2750.57134706282
"full","2013-09-30",345,0.218209747397856,2,NA,0.412904607177955,0.452568273486129,2766.33038822181
"full","2013-10-31",346,0.212471760376825,2,NA,0.408317218066092,0.404939287349572,2778.96034307156
"full","2013-11-30",347,0.223738677807456,2,NA,0.404782936219224,0.451882962583426,2788.10182238577
"full","2013-12-31",348,0.210880039606783,2,NA,0.37014858396939,0.455779154475841,2800.18915270299
"full","2014-01-31",349,0.218913127250949,2,NA,0.410659452402066,0.41680270922814,2810.91275547297
"full","2014-02-28",350,0.213890852051258,2,NA,0.331272644645617,0.401635423310034,2822.85625676762
"full","2014-03-31",351,0.228377073146618,2,NA,0.38592839335049,0.462260413740722,2834.0725287812
"full","2014-04-30",352,0.211474750271478,2,NA,0.36991084132495,0.445544648922046,2838.9675308824
"full","2014-05-31",353,0.223621903517105,2,NA,0.378578059504215,0.439763808751685,2850.93572193884
"full","2014-06-30",354,0.216242447629949,2,NA,0.357329396945949,0.422066258022565,2863.55024071794
"full","2014-07-31",355,0.223679381278328,2,NA,0.406137837223541,0.468264829897389,2875.79506153352
"full","2014-08-31",356,0.219683730633562,2,NA,0.367742420133207,0.429363544628961,2888.84642463251
"full","2014-09-30",357,0.229031194227042,2,NA,0.314721674851902,0.465537927824099,2898.17892984006
"full","2014-10-31",358,0.220728035770668,2,NA,0.424991534158693,0.423044013684514,2908.67016670894
"full","2014-11-30",359,0.217736785293852,2,NA,0.419973758373172,0.483854817623252,2920.03791396858
"full","2014-12-31",360,0.225096593226644,2,NA,0.406241534921951,0.451830035840721,2927.93795824256
"full","2015-01-31",361,0.249049595354545,2,NA,0.397694754442139,0.41258603710814,2936.1606414078
"full","2015-02-28",362,0.233543204218525,2,NA,0.333739644567411,0.48246184483875,2943.72380980015
"full","2015-03-31",363,0.233095340221053,2,NA,0.41390127315419,0.459581248799999,2954.87847086735
"full","2015-04-30",364,0.236086291551906,2,NA,0.398684823872479,0.445793894428347,2963.32231031368
"full","2015-05-31",365,0.240012887028553,2,NA,0.425039906012544,0.450036713383221,2973.37349643357
"full","2015-06-30",366,0.225156275996898,2,NA,0.392219753851843,0.481231899307595,2980.58662763275
"full","2015-07-31",367,0.226014205407313,2,NA,0.440958848737135,0.431626339823971,2990.41928482271
"full","2015-08-31",368,0.232594886296476,2,NA,0.3563652093445,0.430603458269388,3000.26360598063
"full","2015-09-30",369,0.233770225451352,2,NA,0.408445130999501,0.421811948332309,3011.09465599558
"full","2015-10-31",370,0.227107396291621,2,NA,0.421262517095025,0.503032053969035,3023.3599888078
"full","2015-11-30",371,0.229820834243201,2,NA,0.452114324979109,0.498396963633257,3033.51224506173
"full","2015-12-31",372,0.243783582615005,2,NA,0.396139976969029,0.451398015871385,3044.66614764699
"full","2016-01-31",373,0.23393045368172,2,NA,0.390275294323269,0.451145226664029,3050.96365696868
"full","2016-02-29",374,0.242241849817133,2,NA,0.453844389937344,0.467567113493225,3066.6482794175
"full","2016-03-31",375,0.242207223980382,2,NA,0.410714406746635,0.406806213578545,3075.92481657046
"full","2016-04-30",376,0.24150340152526,2,NA,0.368902081276885,0.425399513295257,3083.84079196568
"full","2016-05-31",377,0.233982890535236,2,NA,0.389402414703743,0.483941196707109,3094.78437245429
"full","2016-06-30",378,0.245873134984709,2,NA,0.376522718137912,0.424761173860143,3106.01057852304
"full","2016-07-31",379,0.241392806611754,2,NA,0.35196387767217,0.475349212193155,3114.86755752178
"full","2016-08-31",380,0.248771913253183,2,NA,0.382837293130669,0.43118287017728,3127.76057493851
"full","2016-09-30",381,0.244396216596848,2,NA,0.453592502350131,0.461909034151922,3140.55508710308
"full","2016-10-31",382,0.235825431723715,2,NA,0.488273461408464,0.430834246623302,3151.44383268774
"full","2016-11-30",383,0.247759803588869,2,NA,0.44558649536737,0.522017949085329,3162.86835521759
"full","2016-12-31",384,0.248653432190882,2,NA,0.424875409499981,0.45972445765973,3174.10682345276
"full","2017-01-31",385,0.251939496324258,2,NA,0.431818778286676,0.472020725919393,3183.28230913579
"full","2017-02-28",386,0.245298562545789,2,NA,0.439434820915283,0.452421153657837,3196.18225398948
"full","2017-03-31",387,0.254234876541706,2,NA,0.431385570940021,0.467241948583346,3210.7433310801
"full","2017-04-30",388,0.246633260823056,2,NA,0.349829159089338,0.478655923968618,3220.23043236241
"full","2017-05-31",389,0.239392871644794,2,NA,0.410858752378105,0.425952145289762,3232.70453044839
"full","2017-06-30",390,0.25144424303891,2,NA,0.3850979450409,0.443292751141798,3245.96781010396
"full","2017-07-31",391,0.248414280794625,2,NA,0.417323029146581,0.492660564048123,3258.11543657699
"full","2017-08-31",392,0.256942919601692,2,NA,0.371847701505859,0.469636136508057,3269.72016415669
"full","2017-09-30",393,0.253020802655162,2,NA,0.44080543311002,0.464721528056382,3277.17275334522
"full","2017-10-31",394,0.266595715995892,2,NA,0.470256360957398,0.512620326387341,3286.79630665516
"full","2017-11-30",395,0.245768107778899,2,NA,0.477349084189536,0.534520750555833,3300.50472390494
"full","2017-12-31",396,0.24640569665558,2,NA,0.436301419817153,0.50104791499163,3312.38407615955
"full","2018-01-31",397,0.265470563377941,2,NA,0.43079740548354,0.475999315639429,3323.23606323096
"full","2018-02-28",398,0.257227962122088,2,NA,0.428270895923144,0.448667147154699,3338.97487635767
"full","2018-03-31",399,0.250439261836253,2,NA,0.410808325998023,0.460772562966833,3348.58800518388
"full","2018-04-30",400,0.264474435152759,2,NA,0.431443914755638,0.493299278349343,3360.93518123952
"full","2018-05-31",401,0.260145277563153,2,NA,0.35583934444923,0.421460499472771,3369.33486508302
"full","2018-06-30",402,0.258440740626796,2,NA,0.434472110730281,0.498128778993889,3377.47139881751
"full","2018-07-31",403,0.258959838723017,2,NA,0.436234833400002,0.453453020977002,3394.20970860402
"full","2018-08-31",404,0.258200695808086,2,NA,0.556618675066637,0.48069826398112,3407.60322632168
"full","2018-09-30",405,0.255340498261389,2,NA,0.368735914483298,0.433405505302369,3417.31566350083
"full","2018-10-31",406,0.257051886767316,2,NA,0.477990407470075,0.437594157094223,3428.07416403408
"full","2018-11-30",407,0.260476112631355,2,NA,0.405030408934475,0.455624111730076,3436.85222278481
"full","2018-12-31",408,0.255942995867181,2,NA,0.496326843985009,0.496177771093032,3446.17710166509
"full","2019-01-31",409,0.266652109371198,2,NA,0.419030209692146,0.431236646152468,3453.43879810027
"full","2019-02-28",410,0.270906372560603,2,NA,0.458183904266785,0.492623084302806,3463.59454172866
"full","2019-03-31",411,0.263761584042498,2,NA,0.47123760318784,0.449840147195106,3475.54958869301
"full","2019-04-30",412,0.272628194293777,2,NA,0.484913734392428,0.513823795673136,3485.54902077565
"full","2019-05-31",413,0.269510715960102,2,NA,0.50849432490764,0.467637049181009,3495.03473772833
"full","2019-06-30",414,0.259026517706004,2,NA,0.516908354608956,0.466023168200917,3506.88813686944
"full","2019-07-31",415,0.261524314769514,2,NA,0.448775856249534,0.520269637456119,3518.13658757745
"full","2019-08-31",416,0.255233106650101,2,NA,0.509810066728196,0.507428080171798,3527.27215419368
"full","2019-09-30",417,0.260168991400896,2,NA,0.457066358715101,0.468792529157345,3538.30970107409
"full","2019-10-31",418,0.270522588359694,2,NA,0.444422924362565,0.422998595807979,3550.31635448285
"full","2019-11-30",419,0.27352243900156,2,NA,0.531060819853888,0.490754972472597,3562.26996105829
