{
  "title":"14-581s13.jpg",
  "description": "Shipping containers from the around the world arrive in the port of New York. Image courtesy of the United State Department of Commerce. Image is in the public domain. ",
  "file": "/courses/14-581-international-economics-i-spring-2013/7d36ecf8202f37773231f0d10ff5e56c_14-581s13.jpg",
  "learning_resource_types": [],
  "resource_type": "Image",
  "file_type": "image/jpeg",
  "image_metadata": {"caption":"Shipping containers from around the world arrive in the port of New York. (Image courtesy of the [United State Department of Commerce](http://www.commerce.gov/blog/2011/12/16/international-trade-administration%E2%80%99s-four-big-numbers-2011). Image is in the public domain.)","credit":"Image courtesy of the United State Department of Commerce. Image is in the public domain.","image-alt":"A photograph with the skyline of New York in the background and dozens of colorful shipping containers in the foreground.  Ships loading and offloading float in the water."}}
