"window_start","window_end","rmsfe_h1","rmsfe_h3","rmsfe_h12","variable"
2001-01-31,2003-12-31,652508643296564,3.89716858331521e+26,6.68610969771766e+105,"CPI"
2001-02-28,2004-01-31,633185780421724,3.62837388770081e+26,5.4009790472071e+105,"CPI"
2001-03-31,2004-02-29,642495842084106,3.61970606489979e+26,5.39897707151631e+105,"CPI"
2001-04-30,2004-03-31,575915424609527,3.59290774794123e+26,5.37558133192254e+105,"CPI"
2001-05-31,2004-04-30,576515322591314,3.59560178327519e+26,5.37564244661521e+105,"CPI"
2001-06-30,2004-05-31,588749793889278,3.37933960998031e+26,4.38439431442528e+105,"CPI"
2001-07-31,2004-06-30,588697824959096,3.3815599221591e+26,4.38344756967773e+105,"CPI"
2001-08-31,2004-07-31,590361926521985,3.10385067081882e+26,3.27739167889283e+105,"CPI"
2001-09-30,2004-08-31,611733982533670,2.97317713372977e+26,3.00805658616195e+105,"CPI"
2001-10-31,2004-09-30,630634277823020,2.96759432858965e+26,3.0075478974251e+105,"CPI"
2001-11-30,2004-10-31,638169203973975,2.75146989476933e+26,2.67745147321117e+105,"CPI"
2001-12-31,2004-11-30,645596983153140,2.66921892173159e+26,2.59053194722116e+105,"CPI"
2002-01-31,2004-12-31,693129652890497,2.7231290780496e+26,2.59995797943186e+105,"CPI"
2002-02-28,2005-01-31,705970517993802,2.80947437605631e+26,2.62502715529841e+105,"CPI"
2002-03-31,2005-02-28,711651798043907,2.80868470354799e+26,2.62483707467481e+105,"CPI"
2002-04-30,2005-03-31,726341353868566,2.80544198831662e+26,2.62441779499884e+105,"CPI"
2002-05-31,2005-04-30,726384871269987,2.76808541120358e+26,2.60865194323347e+105,"CPI"
2002-06-30,2005-05-31,717071203650049,2.79549889595351e+26,2.60910461538778e+105,"CPI"
2002-07-31,2005-06-30,706744753768941,2.78362066017466e+26,2.59146991820256e+105,"CPI"
2002-08-31,2005-07-31,702590734248156,2.82941273884523e+26,2.59541419306608e+105,"CPI"
2002-09-30,2005-08-31,699645340607101,2.87007451373164e+26,2.60082805449656e+105,"CPI"
2002-10-31,2005-09-30,695392702410968,3.52513699692194e+26,2.78402709671941e+105,"CPI"
2002-11-30,2005-10-31,678639776173342,3.52530061687044e+26,2.78402581591919e+105,"CPI"
2002-12-31,2005-11-30,685799081653238,3.71527489907925e+26,2.79823199098314e+105,"CPI"
2003-01-31,2005-12-31,665204062041875,3.74375113675751e+26,2.79862839408391e+105,"CPI"
2003-02-28,2006-01-31,662823668354408,3.6989918168478e+26,2.73645606289329e+105,"CPI"
2003-03-31,2006-02-28,664235212398977,3.63591481219544e+26,2.59274534175151e+105,"CPI"
2003-04-30,2006-03-31,664784690663784,3.63922849027801e+26,2.59274732092646e+105,"CPI"
2003-05-31,2006-04-30,673086013319099,3.25855992780123e+26,1.5790007298144e+105,"CPI"
2003-06-30,2006-05-31,720384632098765,3.0885556746534e+26,1.25765242914268e+105,"CPI"
2003-07-31,2006-06-30,714932570645696,3.06358570189073e+26,1.2473567388225e+105,"CPI"
2003-08-31,2006-07-31,714417780614646,3.07140475579766e+26,1.24748736194431e+105,"CPI"
2003-09-30,2006-08-31,722064877198783,3.05191208657176e+26,1.23559835323065e+105,"CPI"
2003-10-31,2006-09-30,725969347034277,3.18313712058396e+26,1.24504811773208e+105,"CPI"
2003-11-30,2006-10-31,722422419116159,3.18247036105664e+26,1.20368827573209e+105,"CPI"
2003-12-31,2006-11-30,715484782062150,3.17898172384393e+26,1.20256928394974e+105,"CPI"
2004-01-31,2006-12-31,708608308329388,3.18752630876071e+26,1.20253720684671e+105,"CPI"
2004-02-29,2007-01-31,730999858657701,3.16292632516755e+26,1.19428442046654e+105,"CPI"
2004-03-31,2007-02-28,728139014303761,3.17000675063826e+26,1.19430219385063e+105,"CPI"
2004-04-30,2007-03-31,751965963213816,3.18021186831902e+26,1.19435721743161e+105,"CPI"
2004-05-31,2007-04-30,760623778867630,3.17847911487135e+26,1.19398727592426e+105,"CPI"
2004-06-30,2007-05-31,750690479546616,3.16818950745036e+26,1.18883417961404e+105,"CPI"
2004-07-31,2007-06-30,787614125310883,3.15896238449872e+26,1.18784835013445e+105,"CPI"
2004-08-31,2007-07-31,787654607257547,3.15263301989719e+26,1.18719287506773e+105,"CPI"
2004-09-30,2007-08-31,757760777784230,3.14032870814515e+26,1.18473963796526e+105,"CPI"
2004-10-31,2007-09-30,750505363869214,3.14231579579803e+26,1.18473986972868e+105,"CPI"
2004-11-30,2007-10-31,754883538377471,3.1278068287649e+26,1.18166611757663e+105,"CPI"
2004-12-31,2007-11-30,751227027841852,3.15784893683247e+26,1.18024856155537e+105,"CPI"
2005-01-31,2007-12-31,726420950981875,3.11130380515423e+26,1.15919932903617e+105,"CPI"
2005-02-28,2008-01-31,757515412032187,3.03391510319737e+26,1.10113297926393e+105,"CPI"
2005-03-31,2008-02-29,749381817734287,3.02847652011208e+26,1.10091370148391e+105,"CPI"
2005-04-30,2008-03-31,774887090986430,3.0311424414513e+26,1.10082777529148e+105,"CPI"
2005-05-31,2008-04-30,803829116989159,3.02835123730345e+26,1.10071307703728e+105,"CPI"
2005-06-30,2008-05-31,814210620476088,2.98577973222539e+26,1.08055639054931e+105,"CPI"
2005-07-31,2008-06-30,816067692656587,3.0288426953507e+26,1.07472984397127e+105,"CPI"
2005-08-31,2008-07-31,823169913152692,2.99145978628489e+26,1.06517219200137e+105,"CPI"
2005-09-30,2008-08-31,855807743214543,2.9896891213668e+26,1.04984975543459e+105,"CPI"
2005-10-31,2008-09-30,870468431601519,2.19014254604745e+26,3.40115267902009e+104,"CPI"
2005-11-30,2008-10-31,870127341311548,2.29625630537384e+26,3.40624481127941e+104,"CPI"
2005-12-31,2008-11-30,865282497068436,2.50370166544904e+26,2.16017372863028e+104,"CPI"
2006-01-31,2008-12-31,869404277013346,2.49690581043869e+26,2.10826402317659e+104,"CPI"
2006-02-28,2009-01-31,871045384843110,2.48965051182485e+26,2.10304372077081e+104,"CPI"
2006-03-31,2009-02-28,874113355586534,2.4579136010753e+26,2.04075860179611e+104,"CPI"
2006-04-30,2009-03-31,883776370456054,2.45422108751238e+26,2.03929029673647e+104,"CPI"
2006-05-31,2009-04-30,892313806185713,2.45066393989531e+26,2.03549062753717e+104,"CPI"
2006-06-30,2009-05-31,852242459151265,2.45752155333847e+26,2.03549742586476e+104,"CPI"
2006-07-31,2009-06-30,851154439734376,2.53934633530238e+26,2.03773859348881e+104,"CPI"
2006-08-31,2009-07-31,850898725466818,2.52655359679544e+26,2.02561426550333e+104,"CPI"
2006-09-30,2009-08-31,850005020019743,2.5146658583016e+26,2.00569693708858e+104,"CPI"
2006-10-31,2009-09-30,851052616652019,2.3405005772564e+26,1.23873738908942e+104,"CPI"
2006-11-30,2009-10-31,853791913327837,2.27242965896854e+26,1.17637961048798e+104,"CPI"
2006-12-31,2009-11-30,862257028269405,2.26755433288168e+26,1.17499630400049e+104,"CPI"
2007-01-31,2009-12-31,877700459739443,2.26093549912832e+26,1.16665854172139e+104,"CPI"
2007-02-28,2010-01-31,859682872492345,2.26065067930492e+26,1.16620426463515e+104,"CPI"
2007-03-31,2010-02-28,849806093072117,2.25773962157502e+26,1.16367342794991e+104,"CPI"
2007-04-30,2010-03-31,841478749058919,2.24609784964113e+26,1.15785305256199e+104,"CPI"
2007-05-31,2010-04-30,834396837785459,2.24646401566694e+26,1.15756627484025e+104,"CPI"
2007-06-30,2010-05-31,835190687736417,2.24110775822173e+26,1.15544968607723e+104,"CPI"
2007-07-31,2010-06-30,800809391775675,2.24107366531532e+26,1.15543824295959e+104,"CPI"
2007-08-31,2010-07-31,806478083990801,2.24114767157426e+26,1.15543823046076e+104,"CPI"
2007-09-30,2010-08-31,803037830450222,2.23555145041264e+26,1.15423444526271e+104,"CPI"
2007-10-31,2010-09-30,802220065051465,2.23261020647432e+26,1.15400605188588e+104,"CPI"
2007-11-30,2010-10-31,791518925173759,2.23283205942216e+26,1.15400605595231e+104,"CPI"
2007-12-31,2010-11-30,826747963865339,2.17519734425642e+26,1.10865578542332e+104,"CPI"
2008-01-31,2010-12-31,805734076845413,2.17320976515626e+26,1.10841526048868e+104,"CPI"
2008-02-29,2011-01-31,765220161146721,2.16888210851505e+26,1.1078430183878e+104,"CPI"
2008-03-31,2011-02-28,791029094911577,2.16806727625688e+26,1.1078380533244e+104,"CPI"
2008-04-30,2011-03-31,751584045506018,2.16416002804955e+26,1.10712835745961e+104,"CPI"
2008-05-31,2011-04-30,725553252753678,2.16539223961331e+26,1.10712893308436e+104,"CPI"
2008-06-30,2011-05-31,719402862806450,2.15465472337677e+26,1.10663014259434e+104,"CPI"
2008-07-31,2011-06-30,731971579319571,2.05634513479519e+26,1.04857890725101e+104,"CPI"
2008-08-31,2011-07-31,723733483892491,2.04853464259634e+26,1.04828203164043e+104,"CPI"
2008-09-30,2011-08-31,693990869733837,1.97862665981427e+26,1.03272775485999e+104,"CPI"
2008-10-31,2011-09-30,682814714650339,1.9657935917853e+26,1.03257912706594e+104,"CPI"
2008-11-30,2011-10-31,684077645999105,1.84049127982277e+26,1.01565174528417e+104,"CPI"
2008-12-31,2011-11-30,674281322548352,1.00269548637456e+26,1.04537883818023e+103,"CPI"
2009-01-31,2011-12-31,667827626138682,9.12114467083417e+25,9.86987970972914e+102,"CPI"
2009-02-28,2012-01-31,698612637588812,8.99710091387008e+25,9.86654057437402e+102,"CPI"
2009-03-31,2012-02-29,683088316632989,8.86953443533303e+25,9.85797536384773e+102,"CPI"
2009-04-30,2012-03-31,673474549829054,8.82062898670847e+25,9.85633272738726e+102,"CPI"
2009-05-31,2012-04-30,653061281690091,8.67415923025987e+25,9.84772787532071e+102,"CPI"
2009-06-30,2012-05-31,649234070618752,8.6697339030972e+25,9.88791612549983e+102,"CPI"
2009-07-31,2012-06-30,650871764082035,5.91757851533068e+25,2.55869210207583e+102,"CPI"
2009-08-31,2012-07-31,654744585389376,5.92288558165795e+25,2.55916585339777e+102,"CPI"
2009-09-30,2012-08-31,663568799329635,6.06883211620542e+25,2.65564776960973e+102,"CPI"
2009-10-31,2012-09-30,657943741744916,5.99887719198017e+25,2.64597704785942e+102,"CPI"
2009-11-30,2012-10-31,700883514624094,5.71813314415257e+25,2.60459231516245e+102,"CPI"
2009-12-31,2012-11-30,690480079460570,5.70538928744785e+25,2.60289420717097e+102,"CPI"
2010-01-31,2012-12-31,679849904576406,5.36465964754844e+25,2.26946283711073e+102,"CPI"
2010-02-28,2013-01-31,696631614406151,5.21689754459369e+25,2.23242037482463e+102,"CPI"
2010-03-31,2013-02-28,704435681838518,4.95810039161864e+25,1.9929973492605e+102,"CPI"
2010-04-30,2013-03-31,696937216627205,5.2529549505878e+25,2.23144111383944e+102,"CPI"
2010-05-31,2013-04-30,695289545754698,5.2101953406115e+25,2.13541986917813e+102,"CPI"
2010-06-30,2013-05-31,707320952195973,5.05501957102863e+25,2.06746044805665e+102,"CPI"
2010-07-31,2013-06-30,710123535465893,5.02191187757537e+25,2.06642875683102e+102,"CPI"
2010-08-31,2013-07-31,703078930410099,5.01949503144427e+25,2.06638801335639e+102,"CPI"
2010-09-30,2013-08-31,703235218611935,5.00166261661323e+25,2.06571494883365e+102,"CPI"
2010-10-31,2013-09-30,706223500564177,5.01084142349461e+25,2.06592932003652e+102,"CPI"
2010-11-30,2013-10-31,743308114583067,5.01606246399341e+25,2.06605525805649e+102,"CPI"
2010-12-31,2013-11-30,704270655323119,5.01602342494766e+25,2.06605161918978e+102,"CPI"
2011-01-31,2013-12-31,706008717213679,4.97877828375332e+25,2.06270503019671e+102,"CPI"
2011-02-28,2014-01-31,706083850257723,4.96018088938319e+25,2.06214314125332e+102,"CPI"
2011-03-31,2014-02-28,679994700859767,4.94626242401042e+25,2.06196076222893e+102,"CPI"
2011-04-30,2014-03-31,692599393542161,4.71437213152971e+25,1.98870580223128e+102,"CPI"
2011-05-31,2014-04-30,687729134140374,4.66927574390254e+25,1.98506103905127e+102,"CPI"
2011-06-30,2014-05-31,717039691820652,4.67041178180268e+25,1.98506198367617e+102,"CPI"
2011-07-31,2014-06-30,701830167721922,4.47092355414422e+25,1.92822912445779e+102,"CPI"
2011-08-31,2014-07-31,708527559586641,4.47735635059504e+25,1.92828753401563e+102,"CPI"
2011-09-30,2014-08-31,710112522331713,4.51370347659445e+25,1.93027306873387e+102,"CPI"
2011-10-31,2014-09-30,699241967746304,4.54197202744798e+25,1.93105576932924e+102,"CPI"
2011-11-30,2014-10-31,699094974726481,4.5465145771391e+25,1.9307377557163e+102,"CPI"
2011-12-31,2014-11-30,698600676212545,4.64614634001378e+25,1.93933664198328e+102,"CPI"
2012-01-31,2014-12-31,716842559957372,4.84323258235512e+25,1.98323262156477e+102,"CPI"
2012-02-29,2015-01-31,691316640654064,5.52119313517947e+25,2.15511572655688e+102,"CPI"
2012-03-31,2015-02-28,691119198212645,5.5410854806646e+25,2.15507647077286e+102,"CPI"
2012-04-30,2015-03-31,687516480367392,5.54684753663362e+25,2.15319519160017e+102,"CPI"
2012-05-31,2015-04-30,687668540883484,5.53170679637132e+25,2.15197062270097e+102,"CPI"
2012-06-30,2015-05-31,692927316723602,5.26812740730397e+25,1.80321972742173e+102,"CPI"
2012-07-31,2015-06-30,697730294105704,5.20435025163614e+25,1.78537551822605e+102,"CPI"
2012-08-31,2015-07-31,701732776877229,5.18925551929708e+25,1.78466335362286e+102,"CPI"
2012-09-30,2015-08-31,689220447632073,4.87329091308423e+25,1.60738762647336e+102,"CPI"
2012-10-31,2015-09-30,689076038330537,4.88221068667404e+25,1.60300179060162e+102,"CPI"
2012-11-30,2015-10-31,644236622889737,4.87696922965608e+25,1.60296613803891e+102,"CPI"
2012-12-31,2015-11-30,677968825372231,4.74576707959578e+25,1.57578943775752e+102,"CPI"
2013-01-31,2015-12-31,693331606811576,4.72796240779748e+25,1.56432320129264e+102,"CPI"
2013-02-28,2016-01-31,677148493111354,4.73859721831819e+25,1.56441543213401e+102,"CPI"
2013-03-31,2016-02-29,668756759225287,4.67171750349499e+25,1.5451177513482e+102,"CPI"
2013-04-30,2016-03-31,668802723574247,4.20331775817994e+25,1.06240981018321e+102,"CPI"
2013-05-31,2016-04-30,685555105484814,4.11314923004144e+25,1.02600275775906e+102,"CPI"
2013-06-30,2016-05-31,671898704664194,4.10008914295682e+25,1.02535149280123e+102,"CPI"
2013-07-31,2016-06-30,669772855038633,4.13384867270799e+25,1.02570979390551e+102,"CPI"
2013-08-31,2016-07-31,678420484061159,4.17623918040105e+25,1.02732815054472e+102,"CPI"
2013-09-30,2016-08-31,685744631335767,4.17463016170032e+25,1.02731972344253e+102,"CPI"
2013-10-31,2016-09-30,671633516338413,4.14878064151729e+25,1.02611111608992e+102,"CPI"
2013-11-30,2016-10-31,632722429511729,4.12654320745221e+25,1.02549424531306e+102,"CPI"
2013-12-31,2016-11-30,628343751627115,4.13128948245785e+25,1.02551840998701e+102,"CPI"
2014-01-31,2016-12-31,629827364523430,4.1250911589543e+25,1.02545126224581e+102,"CPI"
2014-02-28,2017-01-31,630619864214241,4.14734504539151e+25,1.02623412827043e+102,"CPI"
2014-03-31,2017-02-28,640850672437713,4.15500110808845e+25,1.02635579511854e+102,"CPI"
2014-04-30,2017-03-31,632767765465455,4.19873719639723e+25,1.02759754660781e+102,"CPI"
2014-05-31,2017-04-30,646959848925276,4.18495107356968e+25,1.0273086097104e+102,"CPI"
2014-06-30,2017-05-31,609094932404085,4.2515764557484e+25,1.03341795134121e+102,"CPI"
2014-07-31,2017-06-30,628716745080290,4.26035079484362e+25,1.03351022169374e+102,"CPI"
2014-08-31,2017-07-31,627376540025820,4.27549045067773e+25,1.03398273580244e+102,"CPI"
2014-09-30,2017-08-31,617795656139518,4.26558611230915e+25,1.03118449777422e+102,"CPI"
2014-10-31,2017-09-30,644350331240689,4.32304426773087e+25,1.03635568568807e+102,"CPI"
2014-11-30,2017-10-31,656135808250411,4.29999772368092e+25,1.03567346983924e+102,"CPI"
2014-12-31,2017-11-30,668025612196276,4.19834771488145e+25,1.01952996561241e+102,"CPI"
2015-01-31,2017-12-31,651322861202756,3.89894528755613e+25,8.94317426191273e+101,"CPI"
2015-02-28,2018-01-31,646703559634656,2.86779816811715e+25,2.97399421548782e+101,"CPI"
2015-03-31,2018-02-28,645779611894440,2.81364536253252e+25,2.96094372527893e+101,"CPI"
2015-04-30,2018-03-31,673850473578989,2.80814979771078e+25,2.98590069894639e+101,"CPI"
2015-05-31,2018-04-30,667875768984666,2.81197647736758e+25,2.9860533186598e+101,"CPI"
2015-06-30,2018-05-31,662660153246500,2.71181039884623e+25,2.85316248595371e+101,"CPI"
2015-07-31,2018-06-30,643006567720151,2.73239712302586e+25,2.86284055418002e+101,"CPI"
2015-08-31,2018-07-31,635427634592331,2.73899337225361e+25,2.8637832761728e+101,"CPI"
2015-09-30,2018-08-31,626054183072556,2.70346654851726e+25,2.85494086806548e+101,"CPI"
2015-10-31,2018-09-30,625379731465022,2.4803639039823e+25,2.41600961409591e+101,"CPI"
2015-11-30,2018-10-31,622094941591865,2.48254437579735e+25,2.4160637146998e+101,"CPI"
2015-12-31,2018-11-30,583396329163157,2.64147016496977e+25,2.69126010588545e+101,"CPI"
2016-01-31,2018-12-31,553669708468379,2.55189080581256e+25,2.586081217801e+101,"CPI"
2016-02-29,2019-01-31,553226943705426,2.62450874960731e+25,2.6164934603964e+101,"CPI"
2016-03-31,2019-02-28,580214048120024,2.56761118650554e+25,2.60388308228091e+101,"CPI"
2016-04-30,2019-03-31,573371256715914,2.54169517984883e+25,2.58452276064875e+101,"CPI"
2016-05-31,2019-04-30,567222815317688,2.50974165396395e+25,2.52618602378577e+101,"CPI"
2016-06-30,2019-05-31,586261470261509,2.51753184347772e+25,2.56536687945772e+101,"CPI"
2016-07-31,2019-06-30,584767277193591,2.4654424147124e+25,2.59005710526447e+101,"CPI"
2016-08-31,2019-07-31,572822911218948,2.39131096216843e+25,2.55461432908009e+101,"CPI"
2016-09-30,2019-08-31,564129215929684,2.39378122800263e+25,2.59983220851951e+101,"CPI"
2016-10-31,2019-09-30,568504741878045,2.39445159643338e+25,2.64750240356895e+101,"CPI"
2016-11-30,2019-10-31,562661921418488,2.42841077856622e+25,2.69793555191755e+101,"CPI"
2016-12-31,2019-11-30,562506289250673,2.45271600125976e+25,2.75002416091266e+101,"CPI"
2001-01-31,2003-12-31,2294106778282773,1.28909847599478e+26,5.95487903071868e+103,"INDPRO"
2001-02-28,2004-01-31,2237317012948204,1.26387928208041e+26,2.96861731894947e+103,"INDPRO"
2001-03-31,2004-02-29,2234535896327798,1.2378753371237e+26,2.76379308747482e+103,"INDPRO"
2001-04-30,2004-03-31,2271839806401633,1.23820918124692e+26,2.76294359807163e+103,"INDPRO"
2001-05-31,2004-04-30,2141486616257795,1.23529172717209e+26,2.75022488553122e+103,"INDPRO"
2001-06-30,2004-05-31,2148046485444133,1.17769893621894e+26,2.65334585285982e+103,"INDPRO"
2001-07-31,2004-06-30,2124753791232244,1.1764189784869e+26,2.62490698041886e+103,"INDPRO"
2001-08-31,2004-07-31,2044394233439211,1.14588665660981e+26,2.62386389042079e+103,"INDPRO"
2001-09-30,2004-08-31,2042023347706394,1.14922541751193e+26,2.59444896431278e+103,"INDPRO"
2001-10-31,2004-09-30,2042737586772057,1.1301875695425e+26,2.5643393084196e+103,"INDPRO"
2001-11-30,2004-10-31,2043530595747583,1.12152525191637e+26,2.28444852798096e+103,"INDPRO"
2001-12-31,2004-11-30,2042028148826444,1.08953954238482e+26,2.12537307799872e+103,"INDPRO"
2002-01-31,2004-12-31,2024075441255898,1.10249799422679e+26,2.21087650370414e+103,"INDPRO"
2002-02-28,2005-01-31,1957804186998275,1.07180760517181e+26,2.13831656174036e+103,"INDPRO"
2002-03-31,2005-02-28,1928835851385169,1.08695236217374e+26,2.13029124980532e+103,"INDPRO"
2002-04-30,2005-03-31,1949959396918968,1.08144596577279e+26,2.1109947888774e+103,"INDPRO"
2002-05-31,2005-04-30,1984970331673835,1.07597075605077e+26,2.09997084088775e+103,"INDPRO"
2002-06-30,2005-05-31,2037931579058716,1.07891499759515e+26,2.09910279829693e+103,"INDPRO"
2002-07-31,2005-06-30,2050436250684070,1.06970174582142e+26,2.09327332082879e+103,"INDPRO"
2002-08-31,2005-07-31,2051969531625749,1.08884684401048e+26,2.10108295688595e+103,"INDPRO"
2002-09-30,2005-08-31,2016119078382268,1.04741158690084e+26,1.96988839325679e+103,"INDPRO"
2002-10-31,2005-09-30,2008033569606472,1.38609460171824e+26,2.29044487873408e+103,"INDPRO"
2002-11-30,2005-10-31,2021678124988233,1.387613810106e+26,2.24527441263792e+103,"INDPRO"
2002-12-31,2005-11-30,2016333287690163,1.38831478089358e+26,2.32335393774704e+103,"INDPRO"
2003-01-31,2005-12-31,2027143013173134,1.37209828887517e+26,2.29417048382896e+103,"INDPRO"
2003-02-28,2006-01-31,2039285283902082,1.35474757173711e+26,2.2914185522141e+103,"INDPRO"
2003-03-31,2006-02-28,1711401797068087,1.35814769896044e+26,2.31839158041771e+103,"INDPRO"
2003-04-30,2006-03-31,1697942029982095,1.33985617178392e+26,2.30412907151476e+103,"INDPRO"
2003-05-31,2006-04-30,1673956873134912,1.27461644492493e+26,2.30623506779531e+103,"INDPRO"
2003-06-30,2006-05-31,1595397603286374,1.27622375481994e+26,2.17879842759542e+103,"INDPRO"
2003-07-31,2006-06-30,1660971516951918,1.27112228479886e+26,2.15357913644366e+103,"INDPRO"
2003-08-31,2006-07-31,1603833903544436,1.26612477798492e+26,2.15206395530826e+103,"INDPRO"
2003-09-30,2006-08-31,1568943247547388,1.24899741154783e+26,2.01681696066924e+103,"INDPRO"
2003-10-31,2006-09-30,1558220282790369,1.28612214382347e+26,2.4374366942718e+103,"INDPRO"
2003-11-30,2006-10-31,1602478041297641,1.29515168726942e+26,2.44158903295865e+103,"INDPRO"
2003-12-31,2006-11-30,1593246725365298,1.29488440297444e+26,2.43775776302106e+103,"INDPRO"
2004-01-31,2006-12-31,1578638810839246,1.30413558946624e+26,2.43643948319222e+103,"INDPRO"
2004-02-29,2007-01-31,1560862222821284,1.30001904968998e+26,2.42106354602598e+103,"INDPRO"
2004-03-31,2007-02-28,1569635702608389,1.31692169362987e+26,2.42361007774132e+103,"INDPRO"
2004-04-30,2007-03-31,1523279949519872,1.30377902309605e+26,2.41727682098436e+103,"INDPRO"
2004-05-31,2007-04-30,1514564047230666,1.30719240902879e+26,2.41789753111905e+103,"INDPRO"
2004-06-30,2007-05-31,1482875944036371,1.30049135531359e+26,2.41812950815977e+103,"INDPRO"
2004-07-31,2007-06-30,1473293121070838,1.23877578488081e+26,2.2345741984764e+103,"INDPRO"
2004-08-31,2007-07-31,1495846606922488,1.23616932333718e+26,2.23039971228417e+103,"INDPRO"
2004-09-30,2007-08-31,1604639411556543,1.2330305996513e+26,2.2299018979357e+103,"INDPRO"
2004-10-31,2007-09-30,1609094506970891,1.23282321034025e+26,2.22981417793187e+103,"INDPRO"
2004-11-30,2007-10-31,1600551734219705,1.21474462659971e+26,2.2248341415e+103,"INDPRO"
2004-12-31,2007-11-30,1629045820558982,1.22486616517142e+26,2.22903454678879e+103,"INDPRO"
2005-01-31,2007-12-31,1629064123007600,1.1978168991931e+26,2.1236853263789e+103,"INDPRO"
2005-02-28,2008-01-31,1601372812473286,1.19658131845954e+26,2.10931584032508e+103,"INDPRO"
2005-03-31,2008-02-29,1604398810978022,1.18625865168352e+26,2.10932231645654e+103,"INDPRO"
2005-04-30,2008-03-31,1798503512956719,1.17571764975968e+26,2.10207039129581e+103,"INDPRO"
2005-05-31,2008-04-30,1757988351471465,1.18234395929073e+26,2.10185857773843e+103,"INDPRO"
2005-06-30,2008-05-31,1731827416709286,1.18245755887702e+26,2.10172056345692e+103,"INDPRO"
2005-07-31,2008-06-30,1731250025350092,1.18304103947979e+26,2.10446259931443e+103,"INDPRO"
2005-08-31,2008-07-31,1737009714564766,1.15525501621701e+26,2.08277244090741e+103,"INDPRO"
2005-09-30,2008-08-31,1742886405359955,1.22704276954717e+26,2.08939549583334e+103,"INDPRO"
2005-10-31,2008-09-30,1760282646451717,1.48297899662982e+26,1.74485736629031e+103,"INDPRO"
2005-11-30,2008-10-31,1726941165486330,1.47900665936118e+26,1.74261524981853e+103,"INDPRO"
2005-12-31,2008-11-30,1827535732160436,1.45405552695687e+26,1.58102165539115e+103,"INDPRO"
2006-01-31,2008-12-31,1826248959600374,1.48558420639128e+26,1.56434748782849e+103,"INDPRO"
2006-02-28,2009-01-31,1843011664069925,1.50303505000381e+26,1.55724425237993e+103,"INDPRO"
2006-03-31,2009-02-28,1842625778813972,1.50099912722406e+26,1.51654469701524e+103,"INDPRO"
2006-04-30,2009-03-31,1863678867320606,1.50258002268905e+26,1.51322185288761e+103,"INDPRO"
2006-05-31,2009-04-30,1879362552606568,1.50288795376214e+26,1.50822537401991e+103,"INDPRO"
2006-06-30,2009-05-31,1881353621545942,1.50181580775753e+26,1.50808066129424e+103,"INDPRO"
2006-07-31,2009-06-30,1823784294894090,1.5018560175598e+26,1.50802555289136e+103,"INDPRO"
2006-08-31,2009-07-31,1824760452299357,1.51026224779922e+26,1.5027883983676e+103,"INDPRO"
2006-09-30,2009-08-31,1826779322915831,1.51116104129235e+26,1.48502833481433e+103,"INDPRO"
2006-10-31,2009-09-30,1835137768713354,1.47941550776632e+26,5.7598555098459e+102,"INDPRO"
2006-11-30,2009-10-31,1796974807748140,1.47000704509934e+26,5.58085467487433e+102,"INDPRO"
2006-12-31,2009-11-30,1750704736362082,1.46996462681402e+26,5.57850946403684e+102,"INDPRO"
2007-01-31,2009-12-31,1750760516033252,1.45525406324359e+26,5.232525132788e+102,"INDPRO"
2007-02-28,2010-01-31,1757433706741814,1.45478470846111e+26,5.22579095425859e+102,"INDPRO"
2007-03-31,2010-02-28,1751611661395582,1.43940372552311e+26,5.1061610243038e+102,"INDPRO"
2007-04-30,2010-03-31,1741112740450805,1.4396301948671e+26,5.09044597687329e+102,"INDPRO"
2007-05-31,2010-04-30,1740154674312713,1.43540613727198e+26,5.05387811573073e+102,"INDPRO"
2007-06-30,2010-05-31,1770982425108629,1.43587302898241e+26,5.04238141967983e+102,"INDPRO"
2007-07-31,2010-06-30,1781488041583249,1.43659442695945e+26,5.0422932258457e+102,"INDPRO"
2007-08-31,2010-07-31,1808997408843413,1.43699639785228e+26,5.04228487258238e+102,"INDPRO"
2007-09-30,2010-08-31,1712457104205968,1.43706477902198e+26,5.03687163089443e+102,"INDPRO"
2007-10-31,2010-09-30,1706796442343935,1.43686838796103e+26,5.03634106579458e+102,"INDPRO"
2007-11-30,2010-10-31,1758906209345039,1.4378584602715e+26,5.03627653574421e+102,"INDPRO"
2007-12-31,2010-11-30,1777412514019685,1.42949150585745e+26,4.80307940647042e+102,"INDPRO"
2008-01-31,2010-12-31,1807134826729832,1.42729771895803e+26,4.78972981673371e+102,"INDPRO"
2008-02-29,2011-01-31,1808445962986018,1.42963760360958e+26,4.78136888235489e+102,"INDPRO"
2008-03-31,2011-02-28,1835549413343752,1.42995221623166e+26,4.78097352558121e+102,"INDPRO"
2008-04-30,2011-03-31,1706274548876760,1.43040746118109e+26,4.77888085052006e+102,"INDPRO"
2008-05-31,2011-04-30,1752853732746402,1.42544626701223e+26,4.77663325048856e+102,"INDPRO"
2008-06-30,2011-05-31,1739725532630361,1.42312741032468e+26,4.7766103056088e+102,"INDPRO"
2008-07-31,2011-06-30,1761003422881635,1.42177485471443e+26,4.59223449141316e+102,"INDPRO"
2008-08-31,2011-07-31,1739563823902676,1.42212065793139e+26,4.59204218412609e+102,"INDPRO"
2008-09-30,2011-08-31,1794821203831570,1.36122656685097e+26,4.24767323228587e+102,"INDPRO"
2008-10-31,2011-09-30,1780097338544683,5.55302278660133e+25,4.22553906629379e+101,"INDPRO"
2008-11-30,2011-10-31,1769461754657116,5.2101193605748e+25,4.22579652794779e+101,"INDPRO"
2008-12-31,2011-11-30,1705608777021333,5.2253849892966e+25,3.355317447934e+101,"INDPRO"
2009-01-31,2011-12-31,1695770194398690,4.24235489450175e+25,1.19590367414365e+101,"INDPRO"
2009-02-28,2012-01-31,1653819915194223,3.5699868311484e+25,9.40462164106487e+100,"INDPRO"
2009-03-31,2012-02-29,1661455897468494,3.50131174709741e+25,9.33462895676713e+100,"INDPRO"
2009-04-30,2012-03-31,1644152105951128,3.51271862396545e+25,9.33353564574436e+100,"INDPRO"
2009-05-31,2012-04-30,1660249506237055,3.4887241717222e+25,8.7052292906337e+100,"INDPRO"
2009-06-30,2012-05-31,1650241203134450,3.46665430068408e+25,8.5636533802318e+100,"INDPRO"
2009-07-31,2012-06-30,1660249870788945,3.43574923962765e+25,7.67211084384667e+100,"INDPRO"
2009-08-31,2012-07-31,1659606122797700,3.04730449399652e+25,6.32314419056663e+100,"INDPRO"
2009-09-30,2012-08-31,1655749230210886,2.70087397410724e+25,4.73504618213691e+100,"INDPRO"
2009-10-31,2012-09-30,1688353772593696,2.5272011950371e+25,4.37181681346907e+100,"INDPRO"
2009-11-30,2012-10-31,1685712282518886,2.5297633679659e+25,4.36484853735866e+100,"INDPRO"
2009-12-31,2012-11-30,1687213721652890,2.52664947585379e+25,4.36416373539653e+100,"INDPRO"
2010-01-31,2012-12-31,1687243992325776,2.50323040766428e+25,4.03601200107943e+100,"INDPRO"
2010-02-28,2013-01-31,1680420707199927,2.45567338610151e+25,4.02277358654832e+100,"INDPRO"
2010-03-31,2013-02-28,1807757882705955,2.45571878420228e+25,4.04329471333549e+100,"INDPRO"
2010-04-30,2013-03-31,1812454226946252,2.45601339791291e+25,4.08853833473023e+100,"INDPRO"
2010-05-31,2013-04-30,1839596423164713,2.46121799516588e+25,4.08650100728718e+100,"INDPRO"
2010-06-30,2013-05-31,1822325850028063,2.43900272191419e+25,4.09079984821632e+100,"INDPRO"
2010-07-31,2013-06-30,1855790979899941,2.39629247371767e+25,4.06760153241769e+100,"INDPRO"
2010-08-31,2013-07-31,1819196392583673,2.41237691114567e+25,4.0303329100007e+100,"INDPRO"
2010-09-30,2013-08-31,1863214390619873,2.40351604627855e+25,4.00186990601988e+100,"INDPRO"
2010-10-31,2013-09-30,1906018005788858,2.39973076253166e+25,3.97217950122156e+100,"INDPRO"
2010-11-30,2013-10-31,1862291758549700,2.3178943311154e+25,3.9328445896413e+100,"INDPRO"
2010-12-31,2013-11-30,1823305401587502,2.32110900254597e+25,3.93009759779298e+100,"INDPRO"
2011-01-31,2013-12-31,1793755819004238,2.27218690324127e+25,3.78808141082552e+100,"INDPRO"
2011-02-28,2014-01-31,1793121772895858,2.16202908523268e+25,3.30398722194332e+100,"INDPRO"
2011-03-31,2014-02-28,1779871369978618,1.9251426230968e+25,2.9567520557598e+100,"INDPRO"
2011-04-30,2014-03-31,1723512549770598,2.00477033545726e+25,2.76512468917519e+100,"INDPRO"
2011-05-31,2014-04-30,1675599321422683,1.91885072753453e+25,2.73668387865159e+100,"INDPRO"
2011-06-30,2014-05-31,1652788360051300,1.91888114672233e+25,2.73362687789688e+100,"INDPRO"
2011-07-31,2014-06-30,1604195517091346,1.91968953159113e+25,2.72243591649352e+100,"INDPRO"
2011-08-31,2014-07-31,1575738183388182,1.88060876678357e+25,2.6368765631239e+100,"INDPRO"
2011-09-30,2014-08-31,1495482811466985,1.7483984749909e+25,2.57359269960892e+100,"INDPRO"
2011-10-31,2014-09-30,1504644300574088,1.74356300257559e+25,2.5735866013206e+100,"INDPRO"
2011-11-30,2014-10-31,1504655026933572,1.75182917342052e+25,2.51657953273766e+100,"INDPRO"
2011-12-31,2014-11-30,1448063010062750,1.69671602598749e+25,2.313717914215e+100,"INDPRO"
2012-01-31,2014-12-31,1579212142119980,1.72704605416714e+25,2.3604532247518e+100,"INDPRO"
2012-02-29,2015-01-31,1559482434126197,1.90785335482065e+25,2.52084052083564e+100,"INDPRO"
2012-03-31,2015-02-28,1531236066687677,1.93913357318635e+25,2.51520238388644e+100,"INDPRO"
2012-04-30,2015-03-31,1524985450994281,1.85355273267785e+25,1.79183998297124e+100,"INDPRO"
2012-05-31,2015-04-30,1506367045050100,1.89030644153007e+25,1.79560264710915e+100,"INDPRO"
2012-06-30,2015-05-31,1481845972354821,1.89281247202242e+25,1.75613086290727e+100,"INDPRO"
2012-07-31,2015-06-30,1511073020549234,1.91695011810202e+25,1.75590293093085e+100,"INDPRO"
2012-08-31,2015-07-31,1511432222379335,1.93322539149823e+25,1.76048544985659e+100,"INDPRO"
2012-09-30,2015-08-31,1516725761112868,1.90401887101952e+25,1.76066962843303e+100,"INDPRO"
2012-10-31,2015-09-30,1499090084743114,1.91169570970328e+25,1.79765660605541e+100,"INDPRO"
2012-11-30,2015-10-31,1499856495008626,1.93532335038268e+25,1.79788422200031e+100,"INDPRO"
2012-12-31,2015-11-30,1519073076713477,1.96166674050882e+25,1.80311487895981e+100,"INDPRO"
2013-01-31,2015-12-31,1545993787000793,1.9834522584304e+25,1.805639587036e+100,"INDPRO"
2013-02-28,2016-01-31,1568722114809653,1.99258378136679e+25,1.8058627020474e+100,"INDPRO"
2013-03-31,2016-02-29,1418903030473399,1.99343488905136e+25,1.75938129241215e+100,"INDPRO"
2013-04-30,2016-03-31,1433118634945816,1.99397088841085e+25,1.65321467774117e+100,"INDPRO"
2013-05-31,2016-04-30,1441860071438662,2.0158402838631e+25,1.6468650372195e+100,"INDPRO"
2013-06-30,2016-05-31,1435612514534727,2.00666266930438e+25,1.6346853412907e+100,"INDPRO"
2013-07-31,2016-06-30,1387823583908224,2.02814525443043e+25,1.6370545232805e+100,"INDPRO"
2013-08-31,2016-07-31,1382460890392212,1.97935466135701e+25,1.60052534983247e+100,"INDPRO"
2013-09-30,2016-08-31,1320504295011342,1.98282812255297e+25,1.60054481988204e+100,"INDPRO"
2013-10-31,2016-09-30,1283860615521998,1.98184879598867e+25,1.60054054797216e+100,"INDPRO"
2013-11-30,2016-10-31,1284886799324563,1.97368647883459e+25,1.59200025309039e+100,"INDPRO"
2013-12-31,2016-11-30,1330353477071732,1.99524150220462e+25,1.58763296484632e+100,"INDPRO"
2014-01-31,2016-12-31,1349430585137204,2.0016956207213e+25,1.5923944810052e+100,"INDPRO"
2014-02-28,2017-01-31,1356188518442058,1.91939706101281e+25,1.55780813345884e+100,"INDPRO"
2014-03-31,2017-02-28,1331126876374046,1.95947735163524e+25,1.56862249489296e+100,"INDPRO"
2014-04-30,2017-03-31,1302254099843492,1.83820865345947e+25,1.38935897854543e+100,"INDPRO"
2014-05-31,2017-04-30,1304866835142988,1.86263685706157e+25,1.33795709535811e+100,"INDPRO"
2014-06-30,2017-05-31,1318717479524585,1.86254498700553e+25,1.33828066929161e+100,"INDPRO"
2014-07-31,2017-06-30,1340765883779755,1.8617383988487e+25,1.33859395619559e+100,"INDPRO"
2014-08-31,2017-07-31,1341945112634630,1.86533998232276e+25,1.3346550420247e+100,"INDPRO"
2014-09-30,2017-08-31,1348109712198258,1.85446997431299e+25,1.26582572714732e+100,"INDPRO"
2014-10-31,2017-09-30,1334561226665447,1.85473604206362e+25,1.26581651101529e+100,"INDPRO"
2014-11-30,2017-10-31,1346029710769197,1.8936560794725e+25,1.26532549995607e+100,"INDPRO"
2014-12-31,2017-11-30,1381902584737210,1.87734955108766e+25,1.2656046987601e+100,"INDPRO"
2015-01-31,2017-12-31,1226697118940132,1.84892138099366e+25,1.08640006340939e+100,"INDPRO"
2015-02-28,2018-01-31,1236729568074533,1.679427260423e+25,6.28585160069653e+99,"INDPRO"
2015-03-31,2018-02-28,1263515330682311,1.63401191024829e+25,6.20981310073907e+99,"INDPRO"
2015-04-30,2018-03-31,1297451436426832,1.5497887123195e+25,6.01671846684537e+99,"INDPRO"
2015-05-31,2018-04-30,1285565906244518,1.57557975398352e+25,6.3147670382103e+99,"INDPRO"
2015-06-30,2018-05-31,1292439619166606,1.67625179998832e+25,6.7752619950962e+99,"INDPRO"
2015-07-31,2018-06-30,1249006308674644,1.66376056335291e+25,6.76417458783112e+99,"INDPRO"
2015-08-31,2018-07-31,1268850735371691,1.64080818293025e+25,6.63996730410757e+99,"INDPRO"
2015-09-30,2018-08-31,1273336965527161,1.64762525184422e+25,6.64147943543634e+99,"INDPRO"
2015-10-31,2018-09-30,1245221074798437,1.57345653960055e+25,5.51039136890626e+99,"INDPRO"
2015-11-30,2018-10-31,1276785792936969,1.54863744330821e+25,5.53117020973044e+99,"INDPRO"
2015-12-31,2018-11-30,1263407782602509,1.51832249736242e+25,5.39611954840423e+99,"INDPRO"
2016-01-31,2018-12-31,1244506827159818,1.48877620482339e+25,5.19970781411195e+99,"INDPRO"
2016-02-29,2019-01-31,1216351793641192,1.49878444050647e+25,5.26556168343542e+99,"INDPRO"
2016-03-31,2019-02-28,1214822285816677,1.53274845268436e+25,5.33363781000838e+99,"INDPRO"
2016-04-30,2019-03-31,1220826534860416,1.51013555710106e+25,5.35391731138849e+99,"INDPRO"
2016-05-31,2019-04-30,1167503868064925,1.51455681112163e+25,5.23283176647218e+99,"INDPRO"
2016-06-30,2019-05-31,1154570667746270,1.51181578815792e+25,5.31598146100574e+99,"INDPRO"
2016-07-31,2019-06-30,1153643434632702,1.48298046272024e+25,5.31679533646062e+99,"INDPRO"
2016-08-31,2019-07-31,1152252442171957,1.48868382069861e+25,5.39689367412337e+99,"INDPRO"
2016-09-30,2019-08-31,1171841931563727,1.50062870943692e+25,5.49169180073233e+99,"INDPRO"
2016-10-31,2019-09-30,1170245932683208,1.50762254809046e+25,5.59243328706049e+99,"INDPRO"
2016-11-30,2019-10-31,1167360274447878,1.52851214167925e+25,5.69847561498289e+99,"INDPRO"
2016-12-31,2019-11-30,1106919522177038,1.48931842772135e+25,5.68334324138348e+99,"INDPRO"
