<?xml version="1.0" encoding="utf-8" standalone="yes"?>
<rss version="2.0" xmlns:atom="http://www.w3.org/2005/Atom">
  <channel>
    <title>Readings on MIT OpenCourseWare</title>
    <link>/resources/readings/</link>
    <description>Recent content in Readings on MIT OpenCourseWare</description>
    <generator>Hugo -- gohugo.io</generator>
    <language>en-us</language><atom:link href="/resources/readings/index.xml" rel="self" type="application/rss+xml" />
    <item>
      <title>Readings</title>
      <link>/pages/readings/data.json</link>
      <pubDate>Mon, 01 Jan 0001 00:00:00 +0000</pubDate>
      
      <guid>/pages/readings/data.json</guid>
      <description>Reading List and Textbooks The reading list for each topic is separated into two groups: &amp;ldquo;essential&amp;rdquo; and &amp;ldquo;recommended. &amp;ldquo;Essential&amp;rdquo; readings will be covered extensively in class, and you are strongly encouraged to read them prior to class. &amp;ldquo;Recommended&amp;rdquo; readings combine classical references and examples of recent papers in a particular area, which may or may not be covered in class.
There are no required textbooks. The following books are cited in the reading list by the abbreviations indicated.</description>
    </item>
    
  </channel>
</rss>
