<?xml version="1.0" encoding="utf-8" standalone="yes"?>
<rss version="2.0" xmlns:atom="http://www.w3.org/2005/Atom">
  <channel>
    <title>Lecture Notes on MIT OpenCourseWare</title>
    <link>/resources/lecture-notes/</link>
    <description>Recent content in Lecture Notes on MIT OpenCourseWare</description>
    <generator>Hugo -- gohugo.io</generator>
    <language>en-us</language><atom:link href="/resources/lecture-notes/index.xml" rel="self" type="application/rss+xml" />
    <item>
      <title>Lecture 1 Notes</title>
      <link>/resources/mit14_581s13_classnotes1/data.json</link>
      <pubDate>Mon, 01 Jan 0001 00:00:00 +0000</pubDate>
      
      <guid>/resources/mit14_581s13_classnotes1/data.json</guid>
      <description>This file contains information regarding lecture 1.</description>
    </item>
    
    <item>
      <title>Lecture 10 Notes</title>
      <link>/resources/mit14_581s13_classnotes10/data.json</link>
      <pubDate>Mon, 01 Jan 0001 00:00:00 +0000</pubDate>
      
      <guid>/resources/mit14_581s13_classnotes10/data.json</guid>
      <description>This file contains information regarding lecture 10.</description>
    </item>
    
    <item>
      <title>Lecture 11 Notes</title>
      <link>/resources/mit14_581s13_classnotes11/data.json</link>
      <pubDate>Mon, 01 Jan 0001 00:00:00 +0000</pubDate>
      
      <guid>/resources/mit14_581s13_classnotes11/data.json</guid>
      <description>This file contains information regarding lecture 11.</description>
    </item>
    
    <item>
      <title>Lecture 12 Notes</title>
      <link>/resources/mit14_581s13_classnotes12/data.json</link>
      <pubDate>Mon, 01 Jan 0001 00:00:00 +0000</pubDate>
      
      <guid>/resources/mit14_581s13_classnotes12/data.json</guid>
      <description>This file contains information regarding lecture 12.</description>
    </item>
    
    <item>
      <title>Lecture 13 Notes</title>
      <link>/resources/mit14_581s13_classnotes13/data.json</link>
      <pubDate>Mon, 01 Jan 0001 00:00:00 +0000</pubDate>
      
      <guid>/resources/mit14_581s13_classnotes13/data.json</guid>
      <description>This file contains information regarding lecture 13.</description>
    </item>
    
    <item>
      <title>Lecture 14 Notes</title>
      <link>/resources/mit14_581s13_classnotes14/data.json</link>
      <pubDate>Mon, 01 Jan 0001 00:00:00 +0000</pubDate>
      
      <guid>/resources/mit14_581s13_classnotes14/data.json</guid>
      <description>This file contains information regarding lecture 14.</description>
    </item>
    
    <item>
      <title>Lecture 15 Notes</title>
      <link>/resources/mit14_581s13_classnotes15/data.json</link>
      <pubDate>Mon, 01 Jan 0001 00:00:00 +0000</pubDate>
      
      <guid>/resources/mit14_581s13_classnotes15/data.json</guid>
      <description>This file contains information regarding lecture 15.</description>
    </item>
    
    <item>
      <title>Lecture 16 Notes</title>
      <link>/resources/mit14_581s13_classnotes16/data.json</link>
      <pubDate>Mon, 01 Jan 0001 00:00:00 +0000</pubDate>
      
      <guid>/resources/mit14_581s13_classnotes16/data.json</guid>
      <description>This file contains information regarding lecture 16.</description>
    </item>
    
    <item>
      <title>Lecture 17 Notes</title>
      <link>/resources/mit14_581s13_classnotes17/data.json</link>
      <pubDate>Mon, 01 Jan 0001 00:00:00 +0000</pubDate>
      
      <guid>/resources/mit14_581s13_classnotes17/data.json</guid>
      <description>This file contains information regarding lecture 17.</description>
    </item>
    
    <item>
      <title>Lecture 19 Notes</title>
      <link>/resources/mit14_581s13_classnotes19/data.json</link>
      <pubDate>Mon, 01 Jan 0001 00:00:00 +0000</pubDate>
      
      <guid>/resources/mit14_581s13_classnotes19/data.json</guid>
      <description>This file contains information regarding lecture 19.</description>
    </item>
    
    <item>
      <title>Lecture 2 Notes</title>
      <link>/resources/mit14_581s13_classnotes2/data.json</link>
      <pubDate>Mon, 01 Jan 0001 00:00:00 +0000</pubDate>
      
      <guid>/resources/mit14_581s13_classnotes2/data.json</guid>
      <description>This file contains information regarding lecture 2.</description>
    </item>
    
    <item>
      <title>Lecture 21 Notes</title>
      <link>/resources/mit14_581s13_classnotes21/data.json</link>
      <pubDate>Mon, 01 Jan 0001 00:00:00 +0000</pubDate>
      
      <guid>/resources/mit14_581s13_classnotes21/data.json</guid>
      <description>This file contains information regarding lecture 21.</description>
    </item>
    
    <item>
      <title>Lecture 22 Notes</title>
      <link>/resources/mit14_581s13_classnotes22/data.json</link>
      <pubDate>Mon, 01 Jan 0001 00:00:00 +0000</pubDate>
      
      <guid>/resources/mit14_581s13_classnotes22/data.json</guid>
      <description>This file contains information regarding lecture 22.</description>
    </item>
    
    <item>
      <title>Lecture 23 Notes</title>
      <link>/resources/mit14_581s13_classnotes23/data.json</link>
      <pubDate>Mon, 01 Jan 0001 00:00:00 +0000</pubDate>
      
      <guid>/resources/mit14_581s13_classnotes23/data.json</guid>
      <description>This file contains information regarding lecture 23.</description>
    </item>
    
    <item>
      <title>Lecture 24 Notes</title>
      <link>/resources/mit14_581s13_classnotes24/data.json</link>
      <pubDate>Mon, 01 Jan 0001 00:00:00 +0000</pubDate>
      
      <guid>/resources/mit14_581s13_classnotes24/data.json</guid>
      <description>This file contains information regarding lecture 24.</description>
    </item>
    
    <item>
      <title>Lecture 25 Notes</title>
      <link>/resources/mit14_581s13_classnotes25/data.json</link>
      <pubDate>Mon, 01 Jan 0001 00:00:00 +0000</pubDate>
      
      <guid>/resources/mit14_581s13_classnotes25/data.json</guid>
      <description>This file contains information regarding lecture 25.</description>
    </item>
    
    <item>
      <title>Lecture 26 Notes</title>
      <link>/resources/mit14_581s13_classnotes26/data.json</link>
      <pubDate>Mon, 01 Jan 0001 00:00:00 +0000</pubDate>
      
      <guid>/resources/mit14_581s13_classnotes26/data.json</guid>
      <description>This file contains information regarding lecture 26.</description>
    </item>
    
    <item>
      <title>Lecture 3 Notes</title>
      <link>/resources/mit14_581s13_classnotes3/data.json</link>
      <pubDate>Mon, 01 Jan 0001 00:00:00 +0000</pubDate>
      
      <guid>/resources/mit14_581s13_classnotes3/data.json</guid>
      <description>This file contains information regarding lecture 3.</description>
    </item>
    
    <item>
      <title>Lecture 4 Notes</title>
      <link>/resources/mit14_581s13_classnotes4/data.json</link>
      <pubDate>Mon, 01 Jan 0001 00:00:00 +0000</pubDate>
      
      <guid>/resources/mit14_581s13_classnotes4/data.json</guid>
      <description>This file contains information regarding lecture 4.</description>
    </item>
    
    <item>
      <title>Lecture 5 Notes</title>
      <link>/resources/mit14_581s13_classnotes5/data.json</link>
      <pubDate>Mon, 01 Jan 0001 00:00:00 +0000</pubDate>
      
      <guid>/resources/mit14_581s13_classnotes5/data.json</guid>
      <description>This file contains information regarding lecture 5.</description>
    </item>
    
    <item>
      <title>Lecture 6 Notes</title>
      <link>/resources/mit14_581s13_classnotes6/data.json</link>
      <pubDate>Mon, 01 Jan 0001 00:00:00 +0000</pubDate>
      
      <guid>/resources/mit14_581s13_classnotes6/data.json</guid>
      <description>This file contains information regarding lecture 6.</description>
    </item>
    
    <item>
      <title>Lecture 7 Notes</title>
      <link>/resources/mit14_581s13_classnotes7/data.json</link>
      <pubDate>Mon, 01 Jan 0001 00:00:00 +0000</pubDate>
      
      <guid>/resources/mit14_581s13_classnotes7/data.json</guid>
      <description>This file contains information regarding lecture 7.</description>
    </item>
    
    <item>
      <title>Lecture 8 Notes</title>
      <link>/resources/mit14_581s13_classnotes8/data.json</link>
      <pubDate>Mon, 01 Jan 0001 00:00:00 +0000</pubDate>
      
      <guid>/resources/mit14_581s13_classnotes8/data.json</guid>
      <description>This file contains information regarding lecture 8.</description>
    </item>
    
    <item>
      <title>Lecture 9 Notes</title>
      <link>/resources/mit14_581s13_classnotes9/data.json</link>
      <pubDate>Mon, 01 Jan 0001 00:00:00 +0000</pubDate>
      
      <guid>/resources/mit14_581s13_classnotes9/data.json</guid>
      <description>This file contains information regarding lecture 9.</description>
    </item>
    
    <item>
      <title>Lecture Notes</title>
      <link>/pages/lecture-notes/data.json</link>
      <pubDate>Mon, 01 Jan 0001 00:00:00 +0000</pubDate>
      
      <guid>/pages/lecture-notes/data.json</guid>
      <description>Lecture notes are courtesy of Yan Ji. LEC # TOPICS LECTURE NOTES 1 Gains From Trade and the Law of Comparative Advantage (Theory) Lecture 1 Notes (PDF) 2 The Ricardian Model (Theory, Part I) Lecture 2 Notes (PDF) 3 The Ricardian Model, (cont.) (Theory, Part II) Lecture 3 Notes (PDF) 4 The Assignment Model Approach (Theory) Lecture 4 Notes (PDF) 5 Gains From Trade and the Law of Comparative Advantage (Empirics) Lecture 5 Notes (PDF) 6 The Ricardian Model (Empirics) Lecture 6 Notes (PDF) 7 The Assignment Model Approach (Empirics) Lecture 7 Notes (PDF - 1.</description>
    </item>
    
    <item>
      <title>Lecture Slides</title>
      <link>/pages/lecture-slides/data.json</link>
      <pubDate>Mon, 01 Jan 0001 00:00:00 +0000</pubDate>
      
      <guid>/pages/lecture-slides/data.json</guid>
      <description>SES # TOPICS LECTURE SLIDES 1 Gains From Trade and the Law of Comparative Advantage (Theory) Session 1 lecture slides (PDF) 2 The Ricardian Model (Theory, Part I) Session 2 lecture slides (PDF) 3 The Ricardian Model, (cont.) (Theory, Part II) Session 3 lecture slides (PDF) 4 The Assignment Model Approach (Theory) Session 4 lecture slides (PDF) 5 Gains From Trade and the Law of Comparative Advantage (Empirics) Session 5 lecture slides (PDF) 6 The Ricardian Model (Empirics) Session 6 lecture slides (PDF) 7 The Assignment Model Approach (Empirics) Session 7 lecture slides (PDF - 1.</description>
    </item>
    
    <item>
      <title>Session 1 lecture slides</title>
      <link>/resources/mit14_581s13_lecslides1/data.json</link>
      <pubDate>Mon, 01 Jan 0001 00:00:00 +0000</pubDate>
      
      <guid>/resources/mit14_581s13_lecslides1/data.json</guid>
      <description>This resource contains information regarding lecture slide 1.</description>
    </item>
    
    <item>
      <title>Session 10 lecture slides</title>
      <link>/resources/mit14_581s13_lecslides10/data.json</link>
      <pubDate>Mon, 01 Jan 0001 00:00:00 +0000</pubDate>
      
      <guid>/resources/mit14_581s13_lecslides10/data.json</guid>
      <description>This resource contains information regarding lecture slide 10.</description>
    </item>
    
    <item>
      <title>Session 11 lecture slides</title>
      <link>/resources/mit14_581s13_lecslides11/data.json</link>
      <pubDate>Mon, 01 Jan 0001 00:00:00 +0000</pubDate>
      
      <guid>/resources/mit14_581s13_lecslides11/data.json</guid>
      <description>This resource contains information regarding lecture slide 11.</description>
    </item>
    
    <item>
      <title>Session 12 lecture slides</title>
      <link>/resources/mit14_581s13_lecslides12/data.json</link>
      <pubDate>Mon, 01 Jan 0001 00:00:00 +0000</pubDate>
      
      <guid>/resources/mit14_581s13_lecslides12/data.json</guid>
      <description>This resource contains information regarding lecture slide 12.</description>
    </item>
    
    <item>
      <title>Session 13 lecture slides</title>
      <link>/resources/mit14_581s13_lecslides13/data.json</link>
      <pubDate>Mon, 01 Jan 0001 00:00:00 +0000</pubDate>
      
      <guid>/resources/mit14_581s13_lecslides13/data.json</guid>
      <description>This resource contains information regarding lecture slide 13.</description>
    </item>
    
    <item>
      <title>Session 14 lecture slides</title>
      <link>/resources/mit14_581s13_lecslides14/data.json</link>
      <pubDate>Mon, 01 Jan 0001 00:00:00 +0000</pubDate>
      
      <guid>/resources/mit14_581s13_lecslides14/data.json</guid>
      <description>This resource contains information regarding lecture slide 14.</description>
    </item>
    
    <item>
      <title>Session 15 lecture slides</title>
      <link>/resources/mit14_581s13_lecslides15/data.json</link>
      <pubDate>Mon, 01 Jan 0001 00:00:00 +0000</pubDate>
      
      <guid>/resources/mit14_581s13_lecslides15/data.json</guid>
      <description>This resource contains information regarding lecture slide 15.</description>
    </item>
    
    <item>
      <title>Session 16 lecture slides</title>
      <link>/resources/mit14_581s13_lecslides16/data.json</link>
      <pubDate>Mon, 01 Jan 0001 00:00:00 +0000</pubDate>
      
      <guid>/resources/mit14_581s13_lecslides16/data.json</guid>
      <description>This resource contains information regarding lecture slide 16.</description>
    </item>
    
    <item>
      <title>Session 17 lecture slides</title>
      <link>/resources/mit14_581s13_lecslides17/data.json</link>
      <pubDate>Mon, 01 Jan 0001 00:00:00 +0000</pubDate>
      
      <guid>/resources/mit14_581s13_lecslides17/data.json</guid>
      <description>This resource contains information regarding lecture slide 17.</description>
    </item>
    
    <item>
      <title>Session 19 lecture slides</title>
      <link>/resources/mit14_581s13_lecslides19/data.json</link>
      <pubDate>Mon, 01 Jan 0001 00:00:00 +0000</pubDate>
      
      <guid>/resources/mit14_581s13_lecslides19/data.json</guid>
      <description>This resource contains information regarding lecture slide 19.</description>
    </item>
    
    <item>
      <title>Session 2 lecture slides</title>
      <link>/resources/mit14_581s13_lecslides2/data.json</link>
      <pubDate>Mon, 01 Jan 0001 00:00:00 +0000</pubDate>
      
      <guid>/resources/mit14_581s13_lecslides2/data.json</guid>
      <description>This resource contains information regarding lecture slide 2.</description>
    </item>
    
    <item>
      <title>Session 21 lecture slides</title>
      <link>/resources/mit14_581s13_lecslides21/data.json</link>
      <pubDate>Mon, 01 Jan 0001 00:00:00 +0000</pubDate>
      
      <guid>/resources/mit14_581s13_lecslides21/data.json</guid>
      <description>This resource contains information regarding lecture slide 21.</description>
    </item>
    
    <item>
      <title>Session 22 lecture slides</title>
      <link>/resources/mit14_581s13_lecslides22/data.json</link>
      <pubDate>Mon, 01 Jan 0001 00:00:00 +0000</pubDate>
      
      <guid>/resources/mit14_581s13_lecslides22/data.json</guid>
      <description>This resource contains information regarding lecture slide 22.</description>
    </item>
    
    <item>
      <title>Session 23 lecture slides</title>
      <link>/resources/mit14_581s13_lecslides23/data.json</link>
      <pubDate>Mon, 01 Jan 0001 00:00:00 +0000</pubDate>
      
      <guid>/resources/mit14_581s13_lecslides23/data.json</guid>
      <description>This resource contains information regarding lecture slide 23.</description>
    </item>
    
    <item>
      <title>Session 24 lecture slides</title>
      <link>/resources/mit14_581s13_lecslides24/data.json</link>
      <pubDate>Mon, 01 Jan 0001 00:00:00 +0000</pubDate>
      
      <guid>/resources/mit14_581s13_lecslides24/data.json</guid>
      <description>This resource contains information regarding lecture slide 24.</description>
    </item>
    
    <item>
      <title>Session 25 lecture slides</title>
      <link>/resources/mit14_581s13_lecslides25/data.json</link>
      <pubDate>Mon, 01 Jan 0001 00:00:00 +0000</pubDate>
      
      <guid>/resources/mit14_581s13_lecslides25/data.json</guid>
      <description>This resource contains information regarding lecture slide 25.</description>
    </item>
    
    <item>
      <title>Session 26 lecture slides</title>
      <link>/resources/mit14_581s13_lecslides26/data.json</link>
      <pubDate>Mon, 01 Jan 0001 00:00:00 +0000</pubDate>
      
      <guid>/resources/mit14_581s13_lecslides26/data.json</guid>
      <description>This resource contains information regarding lecture slide 26.</description>
    </item>
    
    <item>
      <title>Session 3 lecture slides</title>
      <link>/resources/mit14_581s13_lecslides3/data.json</link>
      <pubDate>Mon, 01 Jan 0001 00:00:00 +0000</pubDate>
      
      <guid>/resources/mit14_581s13_lecslides3/data.json</guid>
      <description>This resource contains information regarding lecture slide 3.</description>
    </item>
    
    <item>
      <title>Session 4 lecture slides</title>
      <link>/resources/mit14_581s13_lecslides4/data.json</link>
      <pubDate>Mon, 01 Jan 0001 00:00:00 +0000</pubDate>
      
      <guid>/resources/mit14_581s13_lecslides4/data.json</guid>
      <description>This resource contains information regarding lecture slide 4.</description>
    </item>
    
    <item>
      <title>Session 5 lecture slides</title>
      <link>/resources/mit14_581s13_lecslides5/data.json</link>
      <pubDate>Mon, 01 Jan 0001 00:00:00 +0000</pubDate>
      
      <guid>/resources/mit14_581s13_lecslides5/data.json</guid>
      <description>This resource contains information regarding lecture slide 5.</description>
    </item>
    
    <item>
      <title>Session 6 lecture slides</title>
      <link>/resources/mit14_581s13_lecslides6/data.json</link>
      <pubDate>Mon, 01 Jan 0001 00:00:00 +0000</pubDate>
      
      <guid>/resources/mit14_581s13_lecslides6/data.json</guid>
      <description>This resource contains information regarding lecture slide 6.</description>
    </item>
    
    <item>
      <title>Session 7 lecture slides</title>
      <link>/resources/mit14_581s13_lecslides7/data.json</link>
      <pubDate>Mon, 01 Jan 0001 00:00:00 +0000</pubDate>
      
      <guid>/resources/mit14_581s13_lecslides7/data.json</guid>
      <description>This resource contains information regarding lecture slide 7.</description>
    </item>
    
    <item>
      <title>Session 8 lecture slides</title>
      <link>/resources/mit14_581s13_lecslides8/data.json</link>
      <pubDate>Mon, 01 Jan 0001 00:00:00 +0000</pubDate>
      
      <guid>/resources/mit14_581s13_lecslides8/data.json</guid>
      <description>This resource contains information regarding lecture slide 8.</description>
    </item>
    
    <item>
      <title>Session 9 lecture slides</title>
      <link>/resources/mit14_581s13_lecslides9/data.json</link>
      <pubDate>Mon, 01 Jan 0001 00:00:00 +0000</pubDate>
      
      <guid>/resources/mit14_581s13_lecslides9/data.json</guid>
      <description>This resource contains information regarding lecture slide 9.</description>
    </item>
    
  </channel>
</rss>
