{"06fac88c-faff-f846-4d7e-d1d38720ea77":"/resources/mit14_581s13_classnotes16/data.json","0f162de3-ced6-d75d-b4b1-18ac8be7dc55":"/resources/mit14_581s13_lecslides9/data.json","12a5a72a-57c5-cb21-fc5d-c3c6af00bcbf":"/resources/mit14_581s13_lecslides4/data.json","17ca4709-6a72-c1e6-8bd8-c4ce4e2356d6":"/resources/mit14_581s13_classnotes11/data.json","17f7301c-9b48-1bc0-0082-2c2d6116de21":"/resources/mit14_581s13_classnotes21/data.json","24456fc4-6c14-28a3-a4ca-f11ab8210523":"/resources/mit14_581s13_classnotes8/data.json","27f554c5-ae52-e385-40fe-cf338c3d7119":"/resources/mit14_581s13_lecslides3/data.json","291e3aa4-3579-f611-5f92-0bf800e5b59a":"/resources/mit14_581s13_lecslides25/data.json","2b078e20-ab9c-2c3d-4971-709435220bfd":"/resources/mit14_581s13_lecslides7/data.json","2f5d40ef-dfa1-8ecc-961e-e4c28a34ddb7":"/resources/mit14_581s13_lecslides23/data.json","32795ca6-0622-2e8f-d1ba-5b5a41a0a66c":"/resources/mit14_581s13_classnotes10/data.json","367e4309-dbc3-3cd5-7da3-664146619674":"/resources/mit14_581s13_lecslides15/data.json","3930379c-824b-6622-31d1-682c1a880c10":"/resources/mit14_581s13_lecslides6/data.json","40764101-87dd-af4d-b233-e02110ba4a59":"/resources/mit14_581s13_lecslides2/data.json","450bb86a-68d0-fedd-ac6a-94ddd5151ebc":"/resources/mit14_581s13_lecslides24/data.json","46e77b7d-ce67-ca8c-f898-6f17edc7d566":"/resources/mit14_581s13_classnotes23/data.json","48626cfe-888c-7441-3d35-1dda7ded1c38":"/resources/mit14_581s13_classnotes15/data.json","49dbb501-026e-f856-ecc7-ad9b692c1cb0":"/resources/mit14_581s13_classnotes17/data.json","4f3416a2-3bea-db29-e4f3-3040c5975be5":"/resources/mit14_581s13_lecslides17/data.json","554211e9-fc60-50eb-8140-3bafd99d6e07":"/resources/mit14_581s13_classnotes24/data.json","55452784-a6a8-87e7-c37b-d5c39e983e3d":"/resources/mit14_581s13_lecslides19/data.json","59132846-458f-aa36-8829-74e9f8749366":"/resources/mit14_581s13_classnotes25/data.json","5b42a565-3ae7-3df9-621d-4ca2bc425243":"/pages/assignments/data.json","5ebd7936-e872-9e5e-d618-46815de46e6c":"/pages/calendar/data.json","68a6cdc2-296e-edc6-9a25-063d1bd87477":"/resources/mit14_581s13_lecslides12/data.json","6d94c083-794b-590a-cd3c-01288488bcf2":"/resources/mit14_581s13_lecslides26/data.json","7d36ecf8-202f-3777-3231-f0d10ff5e56c":"/resources/14-581s13/data.json","85b25e3f-3fd6-744b-2941-fcb4e98f7c71":"/pages/lecture-slides/data.json","85ecc521-0c6d-a296-5d34-47db9c7f39e0":"/resources/mit14_581s13_lecslides14/data.json","86aa2a70-49ef-ff9b-cf46-e55d875484c0":"/resources/mit14_581s13_classnotes7/data.json","886e2e42-e79f-f415-e06d-51e264920664":"/resources/mit14_581s13_classnotes5/data.json","8bb23629-8619-52e6-add3-01ca6025e3e0":"/resources/mit14_581s13_lecslides11/data.json","8bbb7262-07dc-fd3c-b3d8-235c4a474eaa":"/resources/mit14_581s13_classnotes13/data.json","8c181a04-047b-0d07-1cb9-e14026c5d0c4":"/resources/mit14_581s13_lecslides13/data.json","8d2727df-9d33-9402-1435-e575cc8d68e0":"/resources/mit14_581s13_lecslides1/data.json","915f4b02-e453-616c-1284-78c54eb79ba3":"/resources/mit14_581s13_lecslides21/data.json","95059332-8724-e430-8e01-2b235d2cf1f6":"/resources/mit14_581s13_classnotes14/data.json","a735f6fe-df92-a621-3366-9ad9bc6c455d":"/resources/mit14_581s13_classnotes4/data.json","a882f2f5-9b34-2915-505a-443c5ebb560b":"/resources/mit14_581s13_lecslides16/data.json","b078e000-7fa3-f483-1526-663d0be174cd":"/pages/readings/data.json","b3ce546c-aa2b-d5bf-0ec9-f6316179cff4":"/resources/mit14_581s13_lecslides5/data.json","bb7de517-dfa2-4ab9-42b5-eadcda68e9ea":"/resources/mit14_581s13_lecslides10/data.json","c021427d-1e8b-d274-ec87-6c0e466cae9a":"/resources/mit14_581s13_lecslides22/data.json","c0359c07-3b8b-8568-9663-f6d69deb2e93":"/resources/mit14_581s13_lecslides8/data.json","c9982e90-4168-7bcc-31fe-afb4a26479dd":"/resources/mit14_581s13_classnotes22/data.json","cbd08e42-3fa9-4ffd-c83e-ae52ecd47b54":"/resources/mit14_581s13_classnotes26/data.json","d1d2530d-79a2-929f-2994-1c4b077ba1ff":"/resources/mit14_581s13_classnotes19/data.json","d3c3fd0f-fb77-d48e-5bd2-2a8bf741379f":"/resources/mit14_581s13_classnotes9/data.json","df9dfb23-2c5e-1745-a69b-ff1570184347":"/resources/mit14_581s13_classnotes3/data.json","e08725b1-ae42-ec41-0902-782a27b4ea20":"/pages/syllabus/data.json","e27600cc-8745-cb51-e206-0e8c9e2e7b22":"/pages/lecture-notes/data.json","e6dfba19-e9d0-8f0a-374e-ee92595e2ce2":"/resources/mit14_581s13_classnotes6/data.json","ea3bcd71-f39e-10c8-7e85-e0d1418965ba":"/resources/mit14_581s13_classnotes1/data.json","eb8e41b1-7a25-055c-3c70-63c97b62c57f":"/resources/mit14_581s13_classnotes2/data.json","ee67087e-e3ba-6872-d6d9-9981031f94e9":"/resources/mit14_581s13_classnotes12/data.json","f38a7d8d-cf6d-f1cb-7584-4226dd2ee05b":"/resources/14-581s13-th/data.json"}