{
  "course_title":"International Economics I",
  "course_description":"This course covers, with a focus on both theory and empirics, advanced topics in international trade (as well as inter-regional trade and economic geography.) It includes the study of positive issues, such as: Why do countries trade? What goods do countries trade? What are the implications of openness for the location of production, industries, occupations, and innovative activity? And, what impedes trade and why do some countries deliberately erect policy impediments to trade? The course also concerns normative issues, such as: Is trade openness beneficial to a representative agent? And, are there winners and losers from trade and if so, can we identify them? Throughout, these issues are approached in neoclassical settings as well as those with market failures, at the industry-level as well as the firm-level, and in the presence of both mobile and immobile factors (e.g., FDI, offshoring of tasks, multinational firms and immigration).\n",
  "course_description_html":"This course covers, with a focus on both theory and empirics, advanced topics in international trade (as well as inter-regional trade and economic geography.) It includes the study of positive issues, such as: Why do countries trade? What goods do countries trade? What are the implications of openness for the location of production, industries, occupations, and innovative activity? And, what impedes trade and why do some countries deliberately erect policy impediments to trade? The course also concerns normative issues, such as: Is trade openness beneficial to a representative agent? And, are there winners and losers from trade and if so, can we identify them? Throughout, these issues are approached in neoclassical settings as well as those with market failures, at the industry-level as well as the firm-level, and in the presence of both mobile and immobile factors (e.g., FDI, offshoring of tasks, multinational firms and immigration).",
  "site_uid":"6b334d9b-98e1-4eb2-a867-b760166d2f2f",
  "legacy_uid":"73f6e515-6d5e-2b36-0ffd-b614644600f6","instructors": [{
    "first_name":"Arnaud",
    "last_name":"Costinot",
    "middle_initial":"",
    "salutation":"Prof.",
    "title":"Prof. Arnaud Costinot"},{
    "first_name":"Dave",
    "last_name":"Donaldson",
    "middle_initial":"",
    "salutation":"Prof.",
    "title":"Prof. Dave Donaldson"}],"department_numbers":["14"],
  "learning_resource_types":["Lecture Notes","Written Assignments"],
  "topics":[["Social Science","Economics","International Economics"]],
  "mit_learn_topics":null,
  "primary_course_number":"14.581",
  "extra_course_numbers":"",
  "term":"Spring",
  "year":"2013",
  "level":["Graduate"],
  "hide_download":null,
  "image_src":"./static_resources/7d36ecf8202f37773231f0d10ff5e56c_14-581s13.jpg",
  "course_image_metadata":{"content_type":"resource","description":"Shipping containers from the around the world arrive in the port of New York. Image courtesy of the United State Department of Commerce. Image is in the public domain. ","draft":false,"file":"/courses/14-581-international-economics-i-spring-2013/7d36ecf8202f37773231f0d10ff5e56c_14-581s13.jpg","file_size":36383,"file_type":"image/jpeg","image_metadata":{"caption":"Shipping containers from around the world arrive in the port of New York. (Image courtesy of the [United State Department of Commerce](http://www.commerce.gov/blog/2011/12/16/international-trade-administration%E2%80%99s-four-big-numbers-2011). Image is in the public domain.)","credit":"Image courtesy of the United State Department of Commerce. Image is in the public domain.","image-alt":"A photograph with the skyline of New York in the background and dozens of colorful shipping containers in the foreground.  Ships loading and offloading float in the water."},"iscjklanguage":false,"learning_resource_types":[],"license":"https://creativecommons.org/licenses/by-nc-sa/4.0/","ocw_type":"OCWImage","resourcetype":"Image","title":"14-581s13.jpg","uid":"7d36ecf8-202f-3777-3231-f0d10ff5e56c"}}

