<?xml version="1.0" encoding="utf-8" standalone="yes"?>
<rss version="2.0" xmlns:atom="http://www.w3.org/2005/Atom">
  <channel>
    <title>Assignments on MIT OpenCourseWare</title>
    <link>/resources/assignments/</link>
    <description>Recent content in Assignments on MIT OpenCourseWare</description>
    <generator>Hugo -- gohugo.io</generator>
    <language>en-us</language><atom:link href="/resources/assignments/index.xml" rel="self" type="application/rss+xml" />
    <item>
      <title>Assignments</title>
      <link>/pages/assignments/data.json</link>
      <pubDate>Mon, 01 Jan 0001 00:00:00 +0000</pubDate>
      
      <guid>/pages/assignments/data.json</guid>
      <description>During the semester students were required to do the following:
Problem Sets Four problem sets (not available to OCW users.) These are designed to build a mixture of theoretical and empirical skills.
Referee Report One referee report on either:
Faber, Benjamin. &amp;ldquo;Trade Integration, Market Size, and Industrialization: Evidence from China&amp;rsquo;s National Trunk Highway System.&amp;rdquo; July 17, 2013. OR
Allen, Treb. &amp;ldquo;Information Frictions in Trade.&amp;rdquo; October 25, 2011. These are two recent and successful job market papers on topics in international trade.</description>
    </item>
    
  </channel>
</rss>
